id,host_since,host_response_rate,host_acceptance_rate,price,minimum_nights,review_scores_rating
108061,2010-12-16,0.9,0.25,82,30,90
155305,2011-06-26,1,1,90,1,91
156926,2011-06-26,1,1,30,1,94
209068,2011-08-28,1,0.5,134,30,97
213006,2011-09-01,1,0.4,48,1,97
246315,2011-10-14,1,0.67,65,3,93
259576,2011-11-02,1,0.94,76,1,98
304379,2012-01-04,0.83,0.5,289,30,98
353092,2012-02-21,1,1,88,4,97
427497,2012-03-12,1,1,125,2,100
436476,2011-04-02,1,1,130,3,98
483384,2011-03-27,1,1,128,2,100
495111,2014-03-06,1,0.99,91,2,98
498089,2012-04-17,1,0.5,50,30,95
528535,2012-06-10,0.9,0.8,93,30,93
621243,2012-07-28,1,1,150,30,97
660702,2012-08-21,1,1,53,1,94
674894,2011-05-22,1,0.93,41,2,92
695196,2012-09-12,1,1,51,1,93
723349,2012-10-02,1,0.94,169,2,93
723410,2012-10-02,1,0.94,305,3,98
751963,2012-10-19,1,0.67,95,1,97
840696,2012-12-12,1,0.97,217,2,100
846221,2012-12-16,1,0.81,199,2,94
874008,2012-10-02,1,0.94,191,3,96
875735,2013-01-08,1,0.74,55,2,93
881707,2013-01-11,1,0.94,100,3,97
910737,2012-12-20,1,1,135,2,95
942934,2013-02-15,1,0.98,62,2,99
943832,2013-02-16,0.9,0.7,329,3,93
971003,2013-03-03,1,1,150,3,98
1039028,2012-11-13,1,1,100,2,100
1066156,2013-01-24,1,0.99,151,2,100
1127777,2013-05-01,1,0.61,65,2,98
1212352,2013-05-28,1,0.8,88,30,96
1219374,2011-10-13,1,0.95,95,2,100
1297717,2011-05-22,1,0.93,57,2,93
1325364,2013-06-30,1,1,52,1,96
1392363,2013-07-16,1,0.94,179,3,95
1393012,2013-07-16,1,0.94,80,1,100
1475299,2012-01-04,0.83,0.5,240,30,100
1574329,2012-10-02,1,0.94,149,2,95
1577750,2013-08-25,0.5,0.69,57,21,95
1578831,2013-05-28,1,0.8,79,30,94
1586906,2013-03-24,1,1,81,2,99
1684109,2012-11-11,1,0.95,325,3,100
1728187,2010-12-16,0.9,0.25,275,30,93
1768955,2014-03-06,1,0.99,64,29,96
1785262,2013-03-21,1,0.95,90,3,99
1827412,2013-07-21,1,0.89,92,1,95
1843828,2013-10-24,1,0.91,250,3,99
1851921,2012-02-27,1,0.75,129,3,97
1852818,2013-10-28,0,0.75,60,30,98
2072026,2013-08-30,1,0.95,173,2,99
2108335,2012-08-27,1,0.96,179,2,99
2176375,2014-01-07,1,0.94,45,29,98
2209375,2012-06-10,0.9,0.8,57,30,90
2213748,2012-03-23,1,0.99,38,30,99
2214960,2014-01-14,1,0.99,86,30,98
2222067,2014-01-15,1,0.99,92,2,98
2254521,2011-04-30,1,0.42,65,28,95
2283071,2013-01-24,1,1,29,1,95
2296152,2013-07-16,1,0.96,86,1,97
2326086,2012-05-06,1,1,223,1,99
2411109,2013-07-16,1,0.96,89,1,97
2432326,2014-02-20,1,1,83,1,98
2432333,2014-02-20,1,0.98,80,2,98
2454666,2013-11-24,1,1,131,2,98
2477628,2013-08-08,1,1,70,30,97
2605869,2013-10-12,1,0.86,474,3,91
2607570,2014-03-17,1,0.91,79,2,96
2694546,2013-06-23,0.9,0.71,50,30,86
2708104,2014-01-14,1,0.99,100,30,98
2761044,2013-06-23,0.9,0.71,600,7,92
2925486,2014-04-30,1,1,139,1,98
3040444,2014-03-06,1,0.99,92,2,98
3066648,2013-08-08,1,1,50,60,96
3084395,2014-05-18,1,1,159,1,97
3095136,2014-05-18,1,1,177,1,96
3116699,2014-05-18,1,1,200,1,97
3220474,2014-06-02,1,0.97,38,1,94
3244166,2014-06-05,1,0.7,241,1,98
3268055,2010-07-15,1,0.77,80,2,96
3314819,2014-06-02,1,0.97,42,1,94
3369973,2014-02-09,1,1,140,2,99
3405282,2014-06-23,1,0.75,77,29,100
3454237,2013-05-28,1,0,120,30,93
3529241,2014-07-07,1,1,137,3,100
3563156,2011-06-01,1,0.87,55,2,99
3569949,2014-07-11,1,0.99,104,1,95
3590634,2014-07-14,1,1,124,2,99
3649639,2014-07-20,1,0.95,96,1,98
3654375,2014-01-15,1,0.99,131,120,94
3694260,2012-06-27,1,1,250,3,100
3741771,2012-05-16,1,0.79,155,1,92
3812545,2014-08-06,1,0.78,159,1,100
3868452,2014-08-08,1,1,256,3,98
3868910,2014-08-13,1,1,124,2,96
3888845,2012-03-23,1,0.99,131,1,99
3889212,2011-12-07,1,0.92,100,2,92
3945733,2014-08-23,0.96,1,116,1,95
3968877,2014-01-23,1,0.99,122,2,98
3984596,2013-08-19,1,0.97,386,2,94
3990524,2012-01-30,1,0.75,55,1,98
4045013,2014-09-05,1,0.99,280,2,100
4108784,2012-08-10,1,0.99,54,2,94
4129119,2014-09-16,1,0.99,72,1,99
4173713,2014-09-05,1,0.99,240,2,100
4241484,2011-01-18,1,0.96,90,2,97
4285157,2011-05-28,1,0.91,54,2,97
4304358,2011-05-28,1,0.91,58,2,95
4394670,2014-10-21,1,0.94,57,2,97
4394761,2014-08-23,0.96,1,99,1,97
4448604,2013-03-27,1,0.98,45,2,95
4515772,2014-06-28,1,1,200,30,96
4587394,2014-06-03,1,1,65,90,99
4764715,2012-09-01,1,0.98,96,2,99
4811980,2014-12-13,1,0.97,115,2,100
4846733,2014-12-17,1,1,257,2,100
4875054,2014-04-19,1,1,95,2,98
4895765,2013-02-10,1,1,95,2,99
4994407,2015-01-07,1,0.83,325,3,96
5114762,2014-09-15,1,0.87,139,1,98
5144212,2013-04-24,1,0.98,194,1,98
5151226,2012-11-11,1,0.95,325,3,100
5213038,2014-06-09,1,0.86,180,30,97
5333015,2015-02-11,0,0.86,250,2,99
5336187,2015-02-12,1,0,49,30,100
5405078,2015-02-19,1,1,90,2,99
5464591,2015-02-25,1,0.95,145,1,98
5481195,2015-02-26,1,0.68,452,1,99
5696919,2015-03-17,0.9,0.68,104,1,98
5716399,2012-05-16,1,0.79,121,1,91
5839119,2015-03-30,1,1,871,3,98
5851392,2013-03-28,0.9,1,88,1,92
5868695,2014-09-15,1,0.93,334,4,98
5917298,2015-04-06,1,0.67,60,30,94
5947797,2015-04-08,1,1,88,2,99
6005112,2015-04-13,1,0.95,69,3,93
6054250,2012-02-28,1,0.99,111,2,99
6056098,2015-04-17,1,0.58,165,3,99
6079982,2012-09-15,0.8,0.8,94,1,95
6145162,2013-07-21,1,0.89,52,2,96
6170347,2015-04-26,1,0.86,53,1,98
6180513,2015-04-27,1,1,222,1,94
6197585,2015-04-27,1,1,58,30,98
6227094,2015-04-30,1,1,69,30,98
6234618,2015-05-01,1,0.97,73,2,99
6290666,2014-09-19,1,1,109,1,97
6362850,2015-05-11,1,1,67,1,97
6363332,2015-04-29,1,1,65,30,100
6399802,2013-07-21,1,0.89,92,1,96
6452410,2014-05-26,0.9,0.93,75,7,97
6503015,2012-03-08,1,1,92,1,98
6609327,2015-01-30,1,1,295,2,97
6698737,2015-03-19,1,0.95,44,28,99
6711659,2015-06-06,1,1,57,60,94
6715120,2015-06-06,0.9,0.84,201,2,96
6724476,2014-09-04,1,1,150,1,99
6760016,2015-06-09,1,0.98,95,2,99
6765734,2011-06-26,1,1,30,1,94
6765832,2011-06-26,1,1,68,1,96
6813265,2015-04-18,0.9,0.68,53,1,94
6818139,2013-07-21,1,0.89,92,2,96
6829875,2015-06-14,1,0.93,98,2,98
6869894,2013-01-03,1,1,78,1,99
7001873,2014-01-14,1,1,97,28,99
7045303,2013-05-31,1,0.9,125,2,98
7063293,2014-04-19,1,1,295,3,100
7064317,2015-06-29,0.9,1,58,2,99
7340132,2011-04-03,1,0.89,114,26,97
7341057,2015-07-06,0.62,0.76,75,1,96
7418991,2014-10-29,1,1,116,1,98
7500225,2015-07-22,1,1,79,2,94
7546626,2013-10-25,0.9,0.96,198,1,99
7556089,2015-07-08,1,0.91,85,2,98
7612231,2015-06-29,1,1,51,2,97
7630648,2015-07-30,1,1,86,2,98
7662484,2012-04-27,1,1,129,2,99
7665386,2015-08-01,1,0.99,92,2,94
7674957,2015-08-02,1,1,244,2,96
7693393,2015-08-02,1,0.95,214,1,98
7745341,2015-06-02,1,1,91,1,97
7839268,2014-02-26,1,0.5,74,30,97
7859259,2011-04-03,1,0.89,93,14,98
7887572,2014-05-18,1,1,88,2,96
7938930,2014-02-23,1,0.25,50,30,93
7940019,2014-02-23,1,0.25,60,28,95
7947839,2015-08-19,1,1,88,1,98
7967886,2015-04-13,1,0.86,50,60,100
7995120,2011-06-20,1,0.99,278,2,96
8051829,2015-08-25,1,1,73,2,96
8085716,2015-06-29,1,1,49,2,94
8089299,2011-05-28,1,0.91,55,2,100
8133377,2015-01-21,1,0.98,450,2,100
8173732,2015-04-28,1,0.97,164,30,95
8193368,2015-06-24,1,0.85,88,2,99
8211404,2015-08-17,1,0.81,209,3,99
8265544,2015-09-06,1,0.98,268,1,99
8266788,2012-02-01,1,0.88,300,30,95
8310318,2011-10-14,1,0.67,61,30,100
8362668,2014-10-30,1,0.93,94,1,97
8443279,2014-07-19,1,1,97,2,99
8513468,2015-04-09,1,1,90,30,95
8593492,2015-09-27,1,1,100,2,97
8624659,2015-08-27,1,1,199,2,99
8664712,2015-10-01,1,1,250,2,100
8672247,2015-10-01,0.9,1,70,30,100
8741844,2015-10-05,1,0.83,245,3,100
8782463,2014-01-12,1,0.98,86,1,95
9022608,2015-05-26,1,1,160,1,96
9062255,2015-10-23,1,1,118,1,99
9254177,2012-01-30,1,0.99,46,1,94
9282426,2013-05-28,1,0.8,88,30,97
9344195,2015-11-08,1,1,75,3,98
9476164,2015-11-15,1,0.91,94,2,97
9562953,2013-07-30,0.8,0,165,6,100
9661460,2015-03-24,1,0.99,199,2,97
9794899,2015-12-03,1,0.86,250,27,99
9906491,2015-12-09,1,0.86,86,2,99
9944111,2015-12-11,1,0.85,124,2,95
10084836,2014-03-30,0.8,1,85,30,100
10085566,2015-03-22,0,0.33,60,30,93
10089256,2013-05-07,1,0.96,112,3,99
10263107,2015-12-30,1,0.71,249,4,96
10360188,2011-09-10,1,1,110,2,100
10464357,2016-01-09,1,0.67,325,3,100
10524188,2015-03-02,1,1,295,2,100
10524253,2014-12-11,1,0.91,244,45,99
10632884,2016-01-16,1,1,49,1,98
10635789,2014-09-23,0.7,0.95,75,3,97
10674355,2014-12-29,1,1,125,2,99
10785231,2015-12-11,1,0.85,114,2,94
10853381,2016-01-26,1,1,190,2,98
10900676,2013-10-08,1,1,93,1,98
10909034,2013-06-23,0.8,0,100,30,93
11182596,2016-02-10,1,1,75,1,99
11242744,2016-02-13,1,1,166,2,100
11291801,2015-09-13,1,1,171,2,98
11388248,2015-08-07,1,1,179,2,98
11421709,2014-12-28,1,0.96,105,3,97
11483381,2016-02-20,1,0.85,136,7,96
11510567,2016-02-27,1,0.89,130,2,99
11586894,2015-04-26,1,0.98,674,3,99
11609580,2012-08-04,1,0.98,126,2,99
11701027,2015-07-06,0.62,0.76,72,1,97
11773647,2016-02-15,1,1,127,30,98
11811039,2012-06-06,1,0.93,115,2,97
11925721,2014-08-08,1,0.97,160,2,100
11938223,2014-07-14,1,1,126,2,98
12105828,2015-10-10,1,0.86,90,30,100
12107874,2016-03-29,1,0.88,129,2,97
12144656,2015-09-09,1,1,130,2,99
12186372,2014-10-06,1,1,89,1,97
12188215,2013-08-04,1,0.98,196,2,97
12189623,2015-10-10,1,0.86,90,30,97
12222050,2016-04-04,1,1,293,2,99
12229453,2016-03-07,1,0.96,231,2,98
12250733,2013-06-06,1,0.98,105,30,99
12251952,2013-07-30,1,0.98,90,1,96
12266103,2014-12-10,1,1,244,3,100
12281167,2012-09-13,1,1,49,3,99
12286328,2011-06-26,1,1,42,1,96
12290379,2014-09-23,0.7,0.95,90,3,98
12310425,2016-03-27,0.9,0.96,418,3,99
12363894,2016-02-14,1,1,448,1,100
12377575,2012-07-19,1,1,489,2,99
12400514,2015-04-11,1,1,135,1,98
12470763,2015-09-01,1,0.95,127,2,99
12472966,2016-04-16,1,1,102,2,100
12543684,2016-04-19,1,1,246,2,97
12587092,2015-04-13,1,0.95,40,3,97
12599311,2011-04-05,1,0.98,54,1,98
12600829,2011-04-05,1,0.98,83,1,96
12600850,2011-04-05,1,0.98,54,1,99
12685614,2015-10-10,1,0.86,90,30,97
12761982,2016-04-10,0.88,0.4,40,30,84
12763722,2014-05-20,1,1,245,1,95
12782770,2016-04-29,1,1,250,3,96
12809255,2016-05-01,1,0.94,65,1,100
12810440,2016-05-01,1,1,85,1,97
12834984,2016-04-28,1,0.92,86,30,98
12835184,2013-08-11,1,1,127,2,95
12848084,2016-05-03,1,1,90,4,99
12925044,2014-04-11,1,1,99,2,100
12944995,2015-07-30,1,1,74,2,95
12965736,2014-11-15,1,1,109,3,100
12970301,2011-08-12,1,0.82,50,30,98
12989718,2011-06-26,1,1,33,1,94
13017092,2016-05-13,1,1,166,2,99
13093505,2014-10-29,1,1,121,1,99
13112074,2016-05-19,1,0.97,148,2,98
13186091,2015-12-20,1,1,130,3,99
13206560,2012-05-06,1,1,222,1,99
13209712,2016-05-25,0.89,0.99,77,1,93
13224612,2016-02-17,1,1,80,2,96
13234214,2014-06-23,1,1,167,3,93
13251709,2016-05-25,0.89,0.99,79,1,95
13258472,2012-03-23,1,0.99,120,1,99
13274313,2014-06-06,1,0.95,145,2,100
13312601,2016-06-01,1,1,125,2,99
13326253,2012-03-06,1,0.99,104,2,96
13333422,2016-06-02,0.7,0.77,113,1,97
13340576,2014-02-25,1,0.5,91,1,97
13348419,2016-02-06,1,1,132,2,96
13355384,2012-03-06,1,0.99,166,2,94
13386987,2011-10-25,1,0.2,45,30,91
13388627,2015-04-27,1,1,209,1,94
13426466,2016-06-08,1,0.14,74,30,99
13429035,2014-08-02,1,0.93,200,3,97
13514183,2015-04-27,1,1,213,1,96
13524286,2015-04-27,1,1,221,1,93
13556933,2016-06-16,1,1,77,1,99
13582513,2015-08-01,1,0.99,82,2,95
13648659,2012-03-23,1,0.99,104,1,98
13674901,2016-02-03,1,0.81,48,3,98
13700790,2015-07-06,0.62,0.76,55,1,98
13716891,2013-07-11,1,1,87,2,97
13744589,2016-03-21,0.9,0.99,146,2,98
13779774,2012-11-19,1,0.4,43,29,90
13877850,2015-01-05,1,1,78,3,97
13901952,2015-10-10,1,0.86,90,30,96
13942925,2016-04-11,1,1,131,30,97
14011745,2012-06-23,1,1,69,1,97
14044072,2016-07-17,1,1,110,3,100
14076438,2015-07-10,1,1,286,3,100
14110641,2011-04-03,1,0.89,151,28,99
14122794,2016-07-21,1,0.67,100,4,99
14125023,2013-12-21,1,0,50,30,100
14167740,2016-07-24,1,1,55,30,89
14168464,2014-10-29,1,1,115,1,98
14184893,2015-09-06,1,0.94,85,2,99
14203513,2012-09-15,1,0.97,72,2,99
14236639,2014-09-21,0.67,0.5,115,30,100
14352724,2013-07-30,1,0.98,103,2,99
14355288,2012-07-22,1,0.88,90,60,94
14357005,2016-03-05,1,0.99,45,1,95
14440002,2016-08-09,0.9,0.98,128,2,90
14442508,2013-12-31,1,1,86,2,97
14499003,2012-10-24,1,1,65,30,97
14522467,2016-08-13,1,1,160,2,100
14523242,2015-06-06,1,0.98,170,2,96
14547745,2012-10-15,0,1,71,2,99
14561813,2014-08-22,1,1,165,2,99
14632829,2015-04-18,0.9,0.68,54,1,97
14649826,2012-11-30,1,1,126,2,97
14731928,2012-03-23,1,0.99,78,1,97
14751215,2013-12-18,1,1,145,1,98
14757919,2014-03-18,1,1,124,2,99
14816025,2016-03-02,1,0.86,108,2,98
14857013,2016-09-01,1,1,130,2,99
14899945,2015-05-08,1,1,98,1,100
14900960,2016-06-14,0.83,0.95,226,2,98
14934441,2014-09-04,1,1,120,2,98
14941161,2015-11-06,1,0.91,93,2,96
14963589,2015-10-21,1,1,89,2,99
14976451,2012-09-25,1,0.71,89,1,99
15009504,2016-09-11,1,1,133,2,98
15016101,2015-01-11,1,1,236,4,99
15091721,2015-10-07,1,1,103,1,92
15124397,2014-05-15,1,1,92,2,100
15158878,2016-09-21,1,0.96,72,3,99
15174633,2016-09-22,1,1,75,1,88
15192947,2014-09-06,1,1,221,2,98
15194828,2016-05-18,1,0.98,47,1,97
15229458,2013-10-12,1,0.86,97,2,96
15231248,2014-05-19,1,0.98,122,1,98
15289199,2016-09-03,1,0.83,196,2,100
15321136,2016-05-18,1,0.98,79,1,97
15327549,2016-05-07,1,0.83,173,30,100
15339276,2016-01-04,1,0.98,155,14,99
15343687,2015-03-18,1,1,89,4,99
15345095,2016-01-04,1,0.98,156,14,100
15351409,2016-09-03,1,0.83,99,2,96
15355010,2012-09-25,1,0.71,84,1,99
15431178,2016-05-16,1,1,149,30,99
15437202,2016-10-09,1,0.75,50,2,99
15444450,2014-05-23,1,0,140,2,97
15462269,2015-04-29,1,1,295,2,99
15476300,2015-11-19,1,1,175,3,92
15484732,2016-10-12,1,1,90,3,100
15510852,2015-10-07,1,1,65,2,90
15530268,2015-10-28,1,1,78,1,99
15544670,2016-10-17,0.78,1,54,30,80
15546661,2015-07-09,1,0.98,89,2,99
15547377,2016-02-02,1,1,161,2,100
15568000,2015-12-11,1,0.85,118,2,94
15577790,2013-12-09,1,0.92,145,1,99
15647883,2016-10-05,1,0.98,91,1,98
15685101,2014-06-01,1,0.98,80,1,97
15701324,2013-01-20,1,1,90,2,97
15706129,2016-10-26,1,0.95,98,2,99
15718256,2013-02-25,1,1,90,2,94
15780601,2016-08-07,1,1,95,2,97
15788106,2016-11-01,1,0.93,75,3,98
15805048,2013-02-20,1,1,69,30,94
15830900,2015-07-22,1,1,186,2,95
15867765,2016-11-01,1,1,132,1,99
15868200,2014-08-15,1,0.98,46,1,99
15922343,2016-11-11,0,0,39,30,100
15929513,2012-07-30,0.8,0.12,287,2,99
15936945,2014-12-31,0.8,1,329,6,93
15995355,2009-12-13,1,1,146,2,98
16003488,2015-10-07,1,1,87,2,89
16024372,2011-09-18,1,0.99,90,2,100
16037508,2015-07-06,0.62,0.76,120,1,98
16095359,2014-06-04,1,0.89,114,2,98
16147877,2015-02-18,1,0.93,150,3,99
16155218,2012-06-14,1,1,99,2,98
16203903,2016-12-01,1,0.98,201,2,96
16267469,2014-10-20,1,0.5,54,30,100
16284468,2016-10-22,1,1,113,2,98
16384751,2016-12-05,1,0.91,48,1,97
16451105,2011-10-24,1,1,246,4,99
16476358,2015-08-16,1,0.92,152,1,97
16477857,2016-12-22,1,1,135,2,97
16512718,2015-04-29,1,1,96,2,99
16532936,2015-03-03,1,0.97,134,2,97
16533200,2016-12-27,0.73,0.95,106,1,93
16541497,2015-12-30,1,1,65,3,100
16566334,2014-05-04,1,0.96,142,2,100
16566932,2016-12-30,1,0.99,124,2,97
16587446,2016-06-18,1,0.98,298,3,100
16603497,2013-08-09,1,0.85,116,2,99
16603859,2013-08-09,1,0.85,98,2,98
16627563,2015-03-26,1,1,90,2,99
16636978,2016-02-22,1,1,95,1,94
16660917,2014-06-08,1,1,183,2,97
16663252,2014-06-18,0.6,0.5,140,30,100
16733596,2012-03-08,1,1,96,1,99
16742264,2016-02-04,1,1,40,1,97
16810083,2016-07-19,1,1,60,1,99
16826141,2015-11-23,1,1,250,2,98
16832848,2016-07-01,0.9,0.87,250,3,98
16846899,2017-01-18,1,1,157,1,98
16868257,2017-01-20,1,0.99,250,2,97
16937948,2016-09-21,0.97,0.99,687,2,97
16937957,2016-09-21,0.97,0.99,206,2,95
16937995,2016-09-21,0.97,0.99,275,2,97
17036413,2015-12-22,1,1,105,2,97
17095670,2015-10-07,1,1,84,1,93
17116810,2017-02-04,1,0.95,85,1,99
17155164,2014-09-19,1,1,110,1,98
17157429,2016-12-05,1,0.99,119,3,100
17310280,2014-09-21,0.95,1,182,2,99
17345566,2017-02-19,1,1,285,2,100
17364637,2017-02-20,1,1,97,1,99
17364692,2012-12-03,1,1,65,2,96
17395670,2015-08-15,1,1,135,3,99
17403585,2017-02-22,1,1,339,1,96
17416267,2014-12-20,1,0.99,132,2,95
17446056,2014-09-21,0.95,1,209,2,97
17464124,2016-06-17,1,1,100,2,99
17529983,2014-05-26,0.9,0.93,75,30,100
17552287,2017-03-04,0.9,1,121,2,98
17591050,2017-03-06,1,0.98,58,1,99
17606368,2016-09-21,0.97,0.99,736,2,99
17618702,2016-05-13,1,0.99,399,3,99
17634705,2016-05-30,1,0.94,105,2,100
17648416,2012-02-21,1,1,210,2,100
17649947,2016-05-13,0.6,0.88,62,28,99
17653835,2015-06-16,1,1,66,2,98
17697321,2016-09-04,1,1,87,2,100
17726977,2012-12-19,1,0.96,124,1,96
17787933,2014-03-05,0.67,0.96,68,2,99
17794306,2017-01-03,0.95,0.97,121,2,96
17826503,2014-07-30,0.96,1,179,1,98
17861930,2015-10-07,1,1,95,1,91
17917678,2017-03-27,1,1,108,2,99
17935396,2013-03-18,1,1,190,2,99
18017043,2015-06-30,1,1,90,2,99
18018230,2015-06-30,1,1,98,2,99
18022683,2016-12-30,1,0.99,109,2,98
18055958,2013-06-05,1,0.7,100,28,96
18092896,2017-04-06,1,1,99,30,98
18122227,2017-04-08,1,1,65,2,99
18151750,2015-06-28,1,1,120,1,99
18178954,2013-03-07,1,1,198,2,99
18179308,2017-03-30,1,0.78,164,3,99
18264441,2016-04-18,1,1,94,2,100
18308309,2016-09-22,1,1,75,1,89
18308656,2016-09-22,1,1,75,1,85
18308869,2016-09-22,1,1,75,1,90
18308979,2016-09-22,1,1,75,1,87
18309080,2016-09-22,1,1,75,1,87
18375617,2016-01-27,1,1,135,2,100
18389884,2016-09-22,1,1,75,1,93
18393059,2015-03-13,1,1,73,1,100
18404153,2016-09-22,1,1,75,1,91
18405483,2016-09-22,1,1,75,1,92
18406520,2016-09-22,1,1,75,1,87
18422959,2017-04-26,1,1,148,1,99
18466431,2015-05-05,1,0.98,105,2,99
18471514,2013-07-27,1,0.95,91,2,99
18473371,2017-04-29,1,1,213,2,99
18487194,2016-04-02,1,0.99,76,1,94
18521819,2016-05-23,1,1,109,2,100
18599205,2015-11-03,1,0.95,75,2,100
18616393,2016-08-24,1,0.31,208,1,98
18627613,2016-07-22,1,1,60,2,95
18716194,2017-05-13,1,1,257,2,99
18721359,2015-04-29,1,1,54,30,97
18751432,2017-05-15,1,0.98,428,1,100
18754939,2017-05-15,1,0.97,80,2,94
18784621,2015-10-07,1,1,69,1,91
18910863,2015-02-14,1,0.96,70,2,93
18918238,2012-05-22,1,0.99,102,2,97
18929549,2017-05-25,1,1,83,2,99
18974593,2017-04-02,1,1,619,2,99
19029460,2016-08-17,1,1,78,1,98
19032051,2017-03-07,0.9,0.98,90,5,99
19066373,2015-08-27,1,1,176,2,93
19120555,2017-05-15,1,0.95,649,3,99
19135906,2016-04-10,1,1,67,30,100
19262092,2014-06-18,0.6,0.5,110,2,99
19264539,2015-08-27,1,1,99,2,94
19273710,2016-01-27,1,0.98,71,1,95
19326768,2017-06-06,1,1,94,2,98
19381523,2014-05-03,1,1,201,2,99
19415618,2014-05-27,1,0.98,232,3,100
19439841,2015-02-25,0,0.25,250,2,100
19453046,2015-10-24,1,1,171,30,96
19529697,2015-09-27,1,1,123,2,95
19531546,2015-11-07,1,0.94,366,2,96
19548415,2015-01-18,1,1,106,2,100
19561946,2015-10-07,1,1,107,1,91
19609285,2016-06-02,1,1,94,1,98
19620931,2016-10-04,1,0.33,229,2,100
19688771,2016-02-23,1,1,159,1,100
19700502,2012-06-05,1,1,75,30,100
19742574,2015-07-24,1,1,105,1,98
19787532,2017-07-10,1,0.98,121,2,97
19790687,2015-05-08,1,1,123,1,99
19809125,2015-11-21,1,0.9,49,1,97
19811549,2017-07-10,0.64,1,388,2,97
19870831,2017-03-20,1,1,72,1,100
19921886,2017-07-18,1,1,115,28,99
19982717,2017-07-21,1,0.86,709,3,99
20008452,2017-07-23,1,1,77,1,97
20036903,2011-09-21,1,1,124,2,99
20069569,2017-07-26,1,0.91,95,2,100
20070593,2017-03-20,1,1,186,2,98
20074883,2014-07-03,1,0.88,136,2,97
20089787,2015-10-07,1,1,87,1,88
20091731,2016-05-19,1,0.97,165,2,97
20121078,2013-02-15,1,0.92,138,3,98
20131746,2017-07-29,1,0.98,71,1,97
20153704,2017-04-08,1,0.98,87,2,99
20154151,2015-11-18,1,0.96,118,2,98
20174263,2012-08-27,1,0.96,216,2,97
20174635,2017-07-05,1,0.98,114,2,100
20192369,2016-06-16,1,1,112,1,99
20241154,2017-03-26,1,1,371,2,99
20268605,2015-11-07,1,0.94,166,2,99
20294011,2017-02-24,1,1,77,2,100
20309680,2014-10-03,1,1,99,1,97
20328686,2013-01-24,1,0.99,270,2,100
20355406,2017-08-09,1,0.86,86,3,99
20395878,2015-07-20,1,0.97,70,2,100
20408452,2017-08-11,1,0.99,68,2,99
20435375,2014-09-23,0.7,0.95,169,3,95
20439998,2015-06-02,1,0.77,55,30,100
20441967,2017-08-13,1,0.98,258,3,98
20454654,2016-05-08,1,1,82,2,97
20456656,2017-06-13,1,1,55,1,100
20462071,2013-04-03,1,1,150,2,99
20465164,2012-11-30,1,1,214,2,99
20473937,2016-10-06,1,0.98,126,1,99
20482319,2014-08-02,1,1,66,1,96
20504787,2017-08-16,1,1,81,2,99
20515199,2016-03-02,1,0.86,81,2,98
20570236,2014-08-03,1,1,99,1,100
20572681,2016-07-10,1,0.99,153,5,100
20583406,2017-08-21,1,0.99,108,2,99
20624327,2017-08-23,1,0.86,70,3,97
20624404,2013-01-08,1,0.92,49,2,99
20638444,2011-06-20,1,0.99,571,4,99
20653416,2017-03-20,1,1,505,2,98
20663042,2017-08-26,1,1,86,1,98
20665144,2012-04-30,1,0.99,204,3,99
20692815,2016-05-30,1,0.95,76,1,96
20695367,2017-08-20,1,0.99,146,2,100
20697183,2017-08-28,1,1,95,2,97
20697346,2017-08-18,1,1,191,1,95
20744040,2014-11-18,1,0.94,84,2,99
20744323,2012-07-15,0.89,1,355,2,98
20747532,2017-08-31,1,1,71,2,97
20759062,2017-09-01,1,1,134,2,100
20760789,2016-02-19,1,0.97,346,3,99
20762155,2016-02-20,1,0.98,97,2,99
20773653,2016-08-17,1,0.89,250,1,97
20774579,2012-08-06,1,0.97,76,2,97
20779200,2014-08-05,1,0.98,109,1,98
20785720,2015-08-27,1,0.9,50,30,96
20801691,2017-09-04,1,1,72,1,99
20804217,2012-09-23,1,0.99,113,3,99
20804347,2013-08-21,1,0.93,110,1,98
20815440,2017-09-05,1,0.94,135,2,100
20830901,2012-05-16,1,0.79,103,1,87
20834615,2011-11-16,1,1,135,2,98
20850669,2017-07-29,1,0.96,161,1,100
20855873,2015-10-07,1,1,114,1,87
20858987,2017-06-13,1,1,130,3,99
20872849,2016-03-28,1,1,200,14,100
20884134,2017-09-04,1,1,80,2,97
20915728,2017-02-23,0.9,1,109,3,94
20916381,2013-04-16,1,1,232,2,98
20928043,2015-12-29,1,1,108,2,97
21011400,2013-04-24,1,0.98,388,2,99
21013638,2016-09-15,1,1,230,2,100
21023689,2012-12-21,1,0.93,113,2,97
21094481,2017-09-25,1,1,190,2,98
21104844,2013-02-25,1,1,109,2,99
21131816,2017-04-06,1,1,54,1,98
21160267,2017-09-30,1,0,250,30,100
21174524,2013-11-26,1,1,70,1,99
21176027,2017-10-01,1,0.99,57,2,99
21189890,2016-09-21,0.97,0.99,272,2,96
21203344,2013-11-27,1,1,60,3,99
21214062,2016-01-29,1,0.99,210,4,99
21231387,2012-03-23,1,0.99,134,1,97
21236709,2017-10-06,1,1,35,2,98
21253016,2012-07-01,1,0.92,91,2,99
21272098,2017-10-06,1,1,33,2,98
21278647,2015-07-09,1,0.98,357,3,100
21280708,2016-12-27,0.73,0.95,82,1,93
21297231,2016-04-01,0.98,0.88,80,1,95
21312568,2013-01-15,1,1,92,2,99
21345127,2016-04-02,1,1,99,1,98
21382558,2015-07-09,1,0.98,425,3,100
21399365,2017-10-17,1,0.79,40,2,95
21432436,2017-03-06,1,0.98,34,30,100
21437451,2015-02-21,1,1,136,2,99
21449558,2017-10-21,1,0.93,115,2,99
21456384,2017-08-03,1,0.97,128,2,99
21486209,2017-05-11,1,0.97,88,2,99
21502620,2014-10-01,1,1,71,1,100
21566026,2016-04-01,0.98,0.88,113,1,92
21579876,2017-02-09,1,0.96,84,2,98
21580160,2017-03-20,1,1,321,2,93
21591133,2011-09-26,1,0,106,30,100
21682891,2014-05-15,1,0.97,240,1,98
21693285,2017-07-19,1,1,87,1,97
21733951,2017-11-11,1,0.99,77,2,100
21748228,2015-02-27,1,0.99,111,2,100
21798869,2017-04-08,1,1,95,30,100
21829016,2012-09-26,1,0.96,140,2,97
21853043,2013-02-15,1,0.92,102,3,99
21878681,2017-11-21,1,0.98,56,2,93
21894298,2013-08-19,1,1,204,1,99
21911184,2014-12-17,1,1,236,2,99
21947972,2017-07-18,1,1,86,1,100
21963653,2014-07-30,0.96,1,258,2,98
21978697,2017-11-28,0.6,0.9,194,2,94
22030235,2013-12-10,1,1,154,2,99
22035029,2012-09-02,1,1,55,1,99
22049704,2014-03-14,1,0.89,112,3,100
22050248,2013-08-27,1,1,310,2,85
22060000,2012-07-18,1,1,39,2,99
22095619,2015-10-07,1,1,91,1,86
22107175,2017-12-05,0.88,0.98,105,1,96
22114590,2017-12-06,1,1,186,2,100
22147548,2014-12-14,1,0.9,30,2,99
22151438,2017-12-07,1,1,332,2,100
22152480,2017-07-21,1,0.89,82,2,99
22163415,2016-08-29,1,0.98,128,2,99
22224397,2014-12-12,1,1,199,1,100
22306380,2016-03-02,1,1,110,2,92
22308959,2014-05-20,1,1,178,1,92
22317485,2017-12-18,1,1,224,2,98
22326909,2015-06-02,1,0.77,45,30,96
22351697,2017-12-20,1,0.97,50,2,98
22360186,2017-12-20,1,1,72,30,99
22408602,2013-04-16,1,0.99,60,1,95
22437203,2012-07-23,1,1,44,1,97
22437447,2012-07-23,1,1,43,30,97
22486185,2014-08-06,1,1,102,2,99
22511514,2016-04-07,1,1,198,1,99
22517744,2016-02-16,1,1,80,2,99
22530746,2014-05-15,1,0.97,86,1,99
22543222,2016-04-06,1,0.99,112,1,100
22545170,2016-04-06,1,0.99,133,1,97
22546209,2016-04-06,1,0.99,139,1,95
22546650,2016-04-06,1,0.99,112,1,92
22589049,2013-12-15,1,1,85,28,96
22594761,2015-07-02,1,1,98,1,99
22684105,2017-12-06,1,1,138,1,100
22684155,2017-12-06,1,1,163,1,100
22701770,2017-11-11,1,0.99,43,1,99
22702396,2017-11-11,1,0.99,39,1,99
22740737,2015-10-30,1,0.98,103,1,97
22773505,2015-03-09,1,0.99,103,2,100
22848580,2016-05-08,1,1,103,2,96
22848654,2016-05-08,1,1,132,2,95
22848760,2018-01-12,1,1,75,2,98
22883329,2014-01-12,1,1,163,1,98
22921667,2017-12-27,1,0.98,97,2,97
22924150,2014-11-09,1,1,86,2,98
22944749,2015-09-09,1,1,134,2,99
22950161,2015-11-30,1,0.97,79,2,100
22968354,2014-06-01,1,0.99,85,1,98
22984192,2018-01-28,1,1,110,3,99
22986709,2015-07-17,1,1,86,2,94
23017092,2017-11-14,1,0.97,724,2,100
23025024,2014-09-14,1,1,150,30,99
23075703,2018-01-10,1,1,126,2,98
23076921,2016-08-13,1,0.98,75,1,99
23084647,2013-06-13,1,1,89,2,100
23150406,2015-06-30,1,1,141,1,98
23216051,2011-10-24,1,1,220,30,99
23234938,2016-01-28,1,1,206,1,98
23275671,2014-05-31,1,1,225,3,99
23285263,2014-06-03,1,0.99,99,1,99
23306515,2011-09-28,0.5,1,250,30,100
23315166,2015-08-13,1,1,127,2,99
23335956,2017-09-25,1,1,173,2,99
23342955,2018-02-17,1,1,122,2,100
23343151,2012-12-27,1,1,142,2,100
23370743,2014-04-23,1,0.98,87,3,98
23412631,2018-02-21,1,1,140,2,100
23419322,2018-02-21,1,1,135,4,91
23430202,2018-02-21,1,1,65,1,99
23441905,2017-09-07,1,0.99,66,2,91
23451262,2013-06-23,1,1,134,2,99
23478630,2013-12-11,1,1,100,2,98
23480306,2015-07-31,1,1,67,1,100
23481039,2017-10-03,1,0.93,133,1,99
23498234,2018-01-22,1,1,50,1,99
23500108,2018-02-26,1,0.86,250,4,99
23516374,2013-12-05,1,1,115,1,98
23518897,2018-02-27,1,0.82,256,5,100
23523473,2017-02-24,1,1,83,2,99
23525377,2018-01-01,1,1,99,2,100
23541284,2018-02-28,1,0.98,200,1,99
23546508,2018-02-28,1,0.99,90,30,100
23558686,2017-12-31,1,1,101,2,100
23562622,2018-03-01,1,1,75,30,100
23563574,2013-07-21,1,0.89,62,2,99
23564110,2018-03-01,0.94,1,81,1,96
23578212,2013-01-15,1,1,216,3,99
23579032,2013-01-15,1,1,232,3,100
23579231,2013-01-15,1,1,396,3,100
23596337,2015-05-05,1,0.98,223,2,100
23596421,2018-02-27,1,0.82,198,25,98
23628366,2016-05-18,1,0.98,44,1,98
23631557,2018-03-05,1,0.96,80,1,100
23644478,2018-03-06,1,0.99,155,1,98
23646431,2015-12-20,1,0.83,70,2,99
23715234,2013-01-08,1,1,65,3,100
23739741,2016-06-13,1,0.99,160,2,100
23740885,2016-02-25,0.75,0.9,48,20,100
23748278,2018-02-28,1,0.98,168,1,99
23748554,2018-03-12,1,1,101,2,96
23748724,2018-02-28,1,0.98,168,1,99
23748903,2018-02-28,1,0.98,205,1,98
23748992,2018-02-28,1,0.98,192,1,100
23749047,2018-02-28,1,0.98,193,1,99
23771028,2015-04-26,1,0.98,787,3,99
23788596,2018-02-28,1,0.98,1150,1,97
23824223,2013-08-19,1,1,182,1,96
23859316,2015-05-26,1,1,150,1,99
23859984,2015-02-24,0.9,0.98,115,2,98
23874576,2017-12-07,1,0.99,92,3,100
23877206,2018-03-19,1,0.98,76,2,96
23881173,2018-03-19,1,0.93,73,2,97
23913900,2018-03-21,1,1,113,2,100
23919596,2018-03-21,1,1,61,3,95
23921294,2017-12-10,1,1,255,30,98
23935850,2018-03-22,1,1,101,30,96
23978319,2013-05-06,1,0.88,89,3,100
24056179,2018-03-28,1,1,161,3,99
24080389,2013-04-17,1,1,75,1,98
24098735,2018-03-30,0.93,0.99,190,1,100
24117606,2018-03-31,1,0.2,67,2,100
24172247,2015-10-20,1,1,67,2,98
24196245,2016-01-09,1,0.67,151,3,95
24202030,2014-06-11,1,0.98,93,2,100
24208478,2014-04-28,1,0.86,65,1,98
24222452,2015-06-04,0.8,0.97,189,3,96
24280176,2016-01-05,1,0.99,93,1,99
24287936,2015-02-13,0,0.33,75,2,100
24306486,2018-01-12,1,1,229,2,100
24312963,2018-03-19,1,0.98,71,2,94
24347730,2018-04-11,1,0.96,325,2,100
24375145,2018-04-12,1,1,110,2,98
24387676,2018-04-13,0.7,0.97,84,1,92
24396068,2014-10-27,1,1,115,2,99
24421260,2015-08-02,1,0.99,65,2,99
24428641,2013-03-03,1,1,484,2,100
24476866,2013-09-23,1,0.95,93,2,100
24492331,2016-06-08,1,0.14,275,30,100
24493492,2018-03-15,1,0.92,75,1,100
24520534,2013-07-21,1,0.89,52,2,98
24540122,2018-04-20,1,1,121,6,99
24594949,2014-03-08,1,0.97,95,3,99
24605088,2012-07-23,1,1,53,1,97
24697002,2017-09-19,1,1,19,1,96
24766296,2016-04-01,0.98,0.88,219,1,95
24797144,2018-05-02,1,0.98,92,1,99
24817711,2015-01-19,1,0.99,154,1,100
24834700,2018-05-03,1,0.99,378,2,98
24852463,2011-05-03,1,0.98,85,2,99
24872184,2018-03-19,1,0.98,99,2,98
24873765,2018-05-05,1,0.95,84,1,100
24882481,2016-05-16,1,1,170,30,100
24885757,2014-01-02,1,0.94,56,1,97
24894370,2016-05-22,1,1,100,2,100
24895256,2012-10-02,1,0.94,170,2,97
24907910,2018-04-16,1,0.95,137,2,95
24916446,2011-06-24,1,1,135,1,96
24942698,2012-11-22,1,1,271,3,98
24945996,2016-02-10,1,0.99,81,2,100
25013010,2013-06-27,1,1,45,1,97
25068792,2015-01-31,1,1,265,2,98
25102981,2017-06-15,1,1,45,2,97
25109693,2014-06-01,1,0.99,157,2,97
25111932,2010-08-01,0,0,69,1,98
25135803,2018-03-30,0.93,0.99,183,1,99
25138871,2017-09-19,1,1,19,1,96
25181137,2017-01-03,0.95,0.97,232,2,96
25212461,2018-05-19,1,0.96,72,2,100
25236572,2013-05-05,1,0.67,125,1,98
25251626,2013-03-27,1,1,112,1,98
25322676,2016-02-05,1,1,63,2,97
25366645,2018-04-13,1,0.67,193,2,97
25398902,2014-05-30,1,1,90,2,97
25417416,2018-05-27,0.75,0.71,252,2,97
25418819,2016-05-08,1,1,81,2,100
25422541,2018-05-27,1,1,105,2,97
25471043,2017-07-13,1,0.98,109,2,100
25479162,2018-03-03,1,1,95,2,98
25518066,2014-02-19,1,1,101,2,99
25519478,2018-03-30,0.93,0.99,191,1,100
25519626,2018-03-30,0.93,0.99,167,1,99
25577370,2016-07-28,1,0.95,222,3,99
25679471,2018-05-05,1,0.95,84,1,99
25718935,2017-05-09,1,1,154,1,100
25722075,2016-05-13,1,0.99,408,3,99
25882810,2016-10-16,1,1,75,2,98
25919767,2015-06-02,1,0.77,50,30,100
25977047,2015-03-15,1,0.91,112,28,100
26038824,2015-07-11,1,1,90,1,99
26093158,2018-06-16,1,1,190,3,98
26098132,2016-07-24,1,0.98,30,1,97
26103338,2013-06-27,1,1,42,1,97
26160335,2018-06-19,1,1,157,1,100
26163788,2013-07-21,1,0.89,92,2,97
26190390,2018-06-20,1,1,75,2,100
26253207,2016-05-19,1,0.96,35,2,99
26255924,2015-04-02,1,0.99,101,1,99
26260868,2018-06-22,1,1,50,1,99
26276337,2017-09-04,1,1,150,2,99
26281901,2015-05-11,1,1,225,1,93
26284618,2015-05-11,1,1,74,1,97
26298501,2017-09-19,1,1,28,1,95
26305653,2016-08-15,1,1,154,3,99
26339145,2015-05-11,1,1,318,1,97
26352170,2017-09-07,1,0.99,159,2,95
26356137,2013-12-11,1,1,101,2,99
26357716,2017-03-07,1,1,66,2,99
26454939,2013-01-08,1,0.92,40,2,98
26490649,2012-07-25,1,1,101,2,98
26528680,2018-07-02,1,1,98,3,100
26595874,2014-09-22,1,1,190,1,97
26634224,2017-09-19,1,1,19,1,93
26637023,2018-07-05,1,0.4,53,30,100
26639631,2018-07-05,1,1,80,2,99
26690388,2015-01-12,1,0.99,65,2,100
26718894,2018-07-08,1,0.98,92,2,98
26721327,2017-11-14,1,0.97,724,2,100
26735499,2013-11-17,1,1,400,2,100
26740506,2017-10-20,1,1,41,1,96
26753930,2013-12-01,1,1,57,1,99
26802744,2016-01-24,1,0.95,106,30,100
26829259,2016-04-01,0.98,0.88,138,1,96
26864981,2017-12-08,1,0.93,124,3,100
26872561,2016-01-25,1,0.84,226,3,100
26910515,2018-07-15,1,0.99,69,2,99
26924271,2018-05-15,1,1,158,1,100
26925544,2017-05-01,1,0.98,266,2,100
26954553,2015-04-10,0.95,1,86,1,99
27051166,2016-05-19,1,0.8,69,2,98
27059536,2018-07-19,1,1,275,2,97
27086469,2011-10-24,1,1,232,4,99
27108241,2016-12-27,1,0.99,964,3,100
27123967,2018-07-20,1,1,158,3,99
27132022,2016-07-14,1,0.99,78,2,100
27156940,2013-12-05,1,1,95,2,99
27225252,2016-07-14,1,0.96,43,2,99
27232257,2017-09-20,1,0.99,124,3,93
27289254,2016-12-27,1,0.99,1172,3,100
27306911,2013-10-09,1,1,99,2,96
27335298,2018-07-29,1,1,175,2,98
27337463,2015-06-27,1,1,131,2,99
27340168,2012-01-30,1,0.99,55,1,98
27392504,2014-09-19,1,1,213,1,100
27461996,2018-08-02,1,0.96,78,2,98
27466554,2016-01-28,1,1,131,1,98
27486807,2018-08-03,1,1,237,2,99
27538204,2011-01-18,1,0.96,49,1,99
27548960,2013-06-10,1,0.88,350,3,98
27549214,2016-04-11,1,0.8,200,3,99
27566298,2018-07-21,1,1,44,1,98
27583238,2014-09-23,1,1,650,3,99
27625446,2013-06-10,1,0.88,296,3,97
27645716,2018-08-10,1,0.96,165,1,94
27675156,2012-09-12,1,1,68,30,93
27689813,2013-11-16,1,1,189,2,99
27699328,2016-07-25,1,1,130,30,100
27759123,2018-01-11,1,1,68,1,99
27827166,2017-09-20,1,0.99,196,2,88
27853519,2018-07-21,1,1,43,1,98
27903380,2012-12-26,1,0.96,55,2,100
27903998,2016-03-18,1,0.97,81,1,98
27906707,2018-04-08,1,1,80,2,98
27927441,2015-05-05,1,0.98,98,2,100
27931927,2016-03-10,1,1,193,1,99
27933308,2015-11-02,1,1,100,1,100
27933446,2018-04-22,1,1,74,30,100
27977831,2014-03-20,1,1,82,2,99
28001246,2014-09-12,1,0.75,42,1,99
28001503,2017-07-25,1,0.57,214,2,99
28003776,2018-08-23,1,0.96,307,1,99
28042422,2014-10-30,1,0.99,138,2,98
28053434,2015-07-09,1,0.98,63,2,96
28072155,2018-02-26,1,0.86,250,4,100
28097447,2012-04-27,1,0.98,104,1,99
28098040,2017-12-08,1,0.93,114,3,100
28098420,2017-12-08,1,0.93,104,3,98
28109091,2015-08-14,1,0.98,162,2,100
28127559,2018-08-29,1,0.94,102,1,100
28142713,2012-01-30,1,0.99,57,1,98
28148160,2018-08-30,1,0.97,97,1,98
28149961,2017-09-20,1,0.99,629,2,99
28156491,2012-06-09,1,0.97,68,2,99
28160806,2010-09-24,1,1,285,2,99
28216632,2018-09-02,1,1,79,2,98
28216747,2017-04-14,1,0.99,103,1,98
28245965,2012-05-06,1,1,253,1,100
28286510,2018-07-08,1,0.98,88,2,95
28335156,2018-07-27,1,1,125,21,100
28385457,2015-08-18,1,1,204,3,98
28389480,2017-09-19,1,1,300,1,100
28426037,2016-09-07,1,1,103,1,99
28430910,2016-01-09,1,0.67,181,3,90
28438011,2016-05-15,1,0.99,229,2,97
28453860,2017-10-04,1,1,177,2,100
28466957,2018-05-31,1,1,66,2,99
28467897,2013-09-23,1,0.83,145,1,99
28478646,2014-06-04,1,0.89,56,30,100
28481477,2018-08-30,1,0.97,97,1,95
28544931,2018-09-14,1,1,127,2,100
28566916,2017-09-19,1,1,146,2,99
28608801,2016-08-14,1,1,175,3,98
28665091,2014-07-13,0.89,0.94,99,1,95
28674119,2018-09-20,1,1,99,2,98
28712523,2016-03-09,1,1,297,2,100
28758757,2014-07-26,1,0.93,225,2,100
28777663,2018-09-24,1,1,63,2,98
28804277,2016-05-15,1,0.99,165,2,98
28863803,2010-07-15,1,0.77,25,2,88
28865830,2015-05-11,1,1,339,1,98
28871245,2018-09-27,1,1,179,3,98
28927010,2017-03-30,1,1,114,2,99
28960407,2015-03-21,1,1,211,3,100
28986868,2018-03-01,0.94,1,77,1,95
29003338,2017-12-04,1,1,345,2,100
29003818,2017-11-21,1,0.98,57,2,85
29026930,2013-06-19,1,0.96,114,1,100
29033893,2018-10-04,1,0.97,109,2,98
29052301,2018-10-05,1,1,109,2,99
29071034,2012-11-14,1,1,126,2,99
29073142,2015-05-28,1,0.99,105,1,99
29098489,2015-02-17,1,1,123,2,100
29125407,2013-01-30,1,1,112,2,100
29148062,2018-10-09,1,1,80,2,98
29180843,2016-11-01,1,0.93,75,3,98
29187033,2016-11-01,1,0.93,100,2,98
29187153,2017-06-13,1,1,442,1,94
29187202,2017-06-13,1,1,832,1,83
29187255,2017-06-13,1,1,503,1,92
29204619,2018-04-29,1,1,100,1,100
29208295,2015-07-10,1,1,61,2,97
29213270,2017-06-13,1,1,455,1,100
29228806,2016-02-12,1,0.98,100,3,99
29231942,2017-06-13,1,1,183,1,95
29301481,2017-06-13,1,1,1484,1,100
29358894,2017-06-13,1,1,614,1,100
29415555,2015-03-18,1,1,95,1,98
29482441,2017-06-13,1,1,156,1,93
29482634,2017-06-13,1,1,174,1,67
29488398,2018-10-22,1,1,85,1,99
29490603,2018-06-22,1,0.79,61,1,98
29491343,2015-01-12,1,0.99,144,2,100
29495159,2018-05-16,1,0.96,260,3,97
29510985,2017-06-13,1,1,433,1,95
29535877,2014-12-08,1,0.95,49,2,100
29587963,2012-03-13,1,1,239,1,99
29633339,2015-01-18,1,1,72,30,100
29634104,2010-07-15,1,0.77,64,2,99
29657686,2013-08-27,1,1,163,2,99
29659193,2015-01-24,1,0.97,158,2,98
29663310,2017-06-13,1,1,1257,1,100
29674621,2014-08-23,1,0.98,234,2,98
29678853,2013-12-15,1,1,65,28,100
29732553,2016-12-22,1,0.99,495,2,99
29793507,2016-12-27,1,0.99,1070,3,100
29852630,2017-06-13,1,1,633,1,97
29852695,2017-06-13,1,1,131,1,98
29871451,2018-03-06,1,0.99,139,1,97
29885976,2018-03-06,1,0.99,219,2,97
29886393,2018-03-06,1,0.99,110,1,99
29895223,2018-11-08,1,0.94,246,2,100
29902436,2015-08-14,1,0.98,129,1,100
29928828,2016-04-19,1,1,184,2,98
30008468,2012-02-28,1,0.99,100,30,100
30020759,2013-10-16,1,0.97,70,2,97
30050870,2015-05-10,1,1,122,2,99
30067056,2017-03-24,1,0.99,450,3,98
30069015,2011-11-16,1,0.94,107,2,99
30085585,2013-07-27,1,0.33,175,2,100
30103018,2017-03-24,1,0.99,575,3,99
30174581,2017-11-02,1,1,130,2,100
30183789,2017-10-27,1,0.98,58,2,97
30247995,2017-01-10,1,1,129,2,100
30340307,2018-11-27,0.9,1,107,1,96
30467126,2014-10-30,1,0.99,115,2,99
30468056,2018-12-02,0.9,0.94,60,3,99
30509573,2013-04-24,1,0.98,186,1,99
30528834,2013-10-16,1,0.97,90,2,96
30530457,2015-03-02,1,1,295,2,99
30565966,2011-06-20,1,0.99,473,2,98
30654481,2015-11-28,1,0.9,85,2,93
30686620,2018-05-13,1,1,87,2,99
30726583,2018-12-10,1,0.97,70,2,100
30766159,2018-12-11,1,0.9,796,3,100
30853857,2015-04-07,1,1,88,2,99
30913262,2016-04-18,1,0.99,85,1,100
30998167,2017-06-13,1,1,612,1,93
31018757,2016-12-01,1,0.98,211,2,98
31087353,2016-06-04,1,1,236,2,99
31089456,2018-12-24,1,1,92,1,100
31142872,2016-08-08,1,1,103,2,100
31186872,2018-01-27,1,1,114,3,99
31194218,2013-04-24,1,0.98,175,1,99
31208516,2017-10-27,1,0.98,57,2,98
31210664,2018-12-04,0.8,0.63,96,1,99
31218004,2015-01-21,1,1,92,2,99
31219623,2018-12-31,1,0.98,250,2,97
31241544,2019-01-01,0.93,1,130,2,100
31242607,2019-01-01,1,1,178,2,100
31260007,2018-01-11,1,1,381,1,99
31260089,2016-03-08,1,0.96,209,3,100
31264528,2018-07-17,1,1,66,2,96
31267687,2018-01-11,1,1,145,1,98
31315518,2018-01-11,1,1,331,1,95
31318558,2018-01-11,1,1,132,1,99
31318559,2018-01-11,1,1,174,1,99
31318560,2018-01-11,1,1,174,1,98
31318561,2018-01-11,1,1,352,1,98
31318562,2018-01-11,1,1,309,1,96
31318563,2018-01-11,1,1,222,1,96
31318564,2018-01-11,1,1,345,1,97
31318566,2018-01-11,1,1,381,1,96
31321220,2018-01-11,1,1,232,1,97
31327477,2014-12-20,1,0.99,113,2,99
31337044,2019-01-04,1,1,122,2,98
31378714,2015-12-11,1,0.85,162,1,98
31380330,2016-06-27,1,1,175,30,100
31405221,2018-12-27,1,0.78,95,1,100
31407515,2018-03-13,1,0.99,256,2,100
31411427,2014-12-20,1,0.99,369,2,98
31411568,2018-03-13,1,0.99,256,2,100
31412550,2014-12-20,1,0.99,314,2,96
31412553,2017-04-09,1,1,263,2,100
31414815,2012-05-27,1,0.98,386,2,100
31460257,2012-07-24,1,1,80,1,100
31470914,2019-01-10,1,0.88,402,2,100
31493518,2019-01-11,1,1,47,1,99
31511845,2017-03-31,1,1,81,1,100
31516196,2014-09-28,1,0.86,75,30,100
31519951,2015-05-11,1,1,274,1,99
31538688,2018-06-22,1,1,47,1,99
31562828,2018-01-11,1,1,174,1,98
31608731,2017-12-05,0.88,0.98,75,1,98
31612713,2018-03-09,1,0.77,352,3,100
31621623,2016-12-12,1,0.99,130,1,96
31648019,2016-04-01,0.98,0.88,136,1,95
31681780,2018-01-11,1,1,124,1,98
31681782,2018-01-11,1,1,252,1,93
31681784,2018-01-11,1,1,381,1,99
31682606,2017-12-07,1,1,150,2,100
31707790,2018-12-14,1,0.99,184,28,100
31710158,2015-09-28,1,0.88,33,28,100
31742907,2016-05-13,1,0.99,299,3,100
31834926,2019-01-23,1,1,112,2,99
31835900,2016-01-04,1,0.98,133,2,99
31843328,2017-09-07,1,0.99,211,2,95
31843331,2017-09-07,1,0.99,130,2,85
31843343,2017-09-07,1,0.99,175,2,96
31843350,2017-09-07,1,0.99,130,2,95
31902908,2014-05-11,1,1,61,1,98
31906884,2019-01-26,1,1,114,2,100
31922275,2016-04-05,1,0.96,140,2,99
31986153,2015-02-25,1,0.98,49,5,99
32043020,2019-01-12,0.5,1,255,1,98
32046748,2017-09-20,1,0.99,233,2,98
32076476,2017-09-07,1,0.99,190,2,97
32076492,2017-09-07,1,0.99,61,2,91
32076498,2017-09-07,1,0.99,150,2,96
32100158,2013-11-22,1,0.95,155,30,100
32134137,2018-01-11,1,1,281,1,98
32164395,2018-07-20,1,1,135,3,100
32204669,2013-07-15,1,0.96,711,3,97
32259212,2017-11-08,1,1,240,2,96
32301460,2019-02-11,1,0.99,271,1,99
32328388,2014-06-18,1,0.98,100,1,99
32332610,2014-06-18,1,0.98,125,1,99
32338208,2017-09-20,1,0.99,162,2,100
32392503,2017-09-07,1,0.99,94,2,94
32415241,2016-07-20,1,1,288,2,99
32424479,2019-02-16,1,1,98,1,99
32425462,2016-04-10,0.88,0.4,40,3,100
32439876,2018-06-09,1,1,194,1,100
32445880,2013-04-24,1,0.98,750,1,96
32465550,2019-02-18,1,1,234,2,100
32515511,2018-01-11,1,1,188,1,99
32560585,2017-09-07,1,0.99,153,2,95
32577436,2013-07-16,1,0.94,137,3,97
32594995,2018-07-08,1,0.98,134,2,97
32607516,2015-06-12,1,1,145,1,100
32671236,2019-02-26,1,1,329,2,100
32734094,2016-01-26,0.9,0.93,266,3,98
32739890,2015-05-26,1,1,185,1,98
32740257,2014-01-02,1,1,264,3,100
32742604,2018-03-31,1,0.2,77,2,100
32747638,2019-03-01,1,1,101,2,97
32760750,2016-12-12,1,0.99,134,1,97
32764991,2013-10-20,1,1,76,1,98
32792238,2019-02-26,1,1,329,2,100
32819433,2014-04-04,1,0.97,106,2,100
32832815,2019-03-05,1,1,207,3,100
32851430,2018-03-25,1,1,133,1,94
32893323,2019-03-07,1,1,155,2,99
32933835,2019-03-09,1,0.96,149,2,100
32939502,2013-06-17,1,0.98,382,2,96
32942664,2011-12-07,1,0.92,140,2,98
32980348,2019-03-11,1,1,299,2,99
32984082,2019-03-11,1,0.95,257,3,98
33017346,2018-05-03,1,1,201,2,99
33021011,2019-03-12,1,1,166,1,96
33069007,2015-01-30,1,1,295,2,95
33072478,2013-07-15,1,1,132,3,96
33099066,2018-03-12,0.92,0.9,212,2,98
33160534,2018-01-11,1,1,124,1,98
33160537,2018-01-11,1,1,124,1,97
33160539,2018-01-11,1,1,124,1,98
33166216,2018-01-11,1,1,151,1,95
33190964,2016-01-26,0.9,0.93,201,3,98
33191042,2014-08-02,1,0.93,400,3,100
33199379,2017-05-19,1,1,141,2,99
33217597,2018-03-12,0.92,0.9,199,2,99
33230041,2013-09-03,1,0.83,171,2,99
33263068,2014-05-08,1,1,150,1,98
33267515,2016-07-14,1,0.99,128,1,99
33274530,2014-06-05,1,0.7,245,1,100
33296597,2019-03-23,1,0.99,120,1,98
33335010,2019-02-07,1,1,299,3,100
33346966,2019-03-25,1,0.84,88,1,98
33362049,2018-03-12,0.92,0.9,212,2,100
33365046,2016-09-21,1,1,163,1,99
33398534,2016-09-21,0.97,0.99,275,2,98
33443607,2011-06-20,1,0.99,699,2,97
33522770,2012-09-03,1,0.96,113,2,100
33529729,2016-02-08,1,0.75,200,2,95
33530871,2018-02-01,1,1,80,2,100
33550216,2013-09-21,1,1,246,1,100
33561547,2016-12-08,1,0.98,52,2,96
33631355,2013-09-23,1,0.83,60,1,100
33655216,2016-07-16,1,1,338,2,99
33658927,2016-07-16,1,1,338,1,99
33663157,2019-04-06,1,0.9,142,3,98
33665924,2014-05-20,1,1,108,1,96
33666340,2014-05-20,1,1,343,1,94
33742245,2015-09-18,1,0.98,65,2,99
33744208,2015-03-28,1,1,131,2,99
33773838,2019-04-10,1,1,110,2,97
33776051,2015-01-02,1,0.88,75,30,100
33807985,2015-05-05,1,1,221,1,100
33819907,2015-09-28,1,0.88,24,28,100
33826416,2010-07-16,0.91,0.82,310,1,95
33826958,2015-09-28,1,0.88,53,28,100
33876682,2014-06-01,1,0.99,95,1,98
33898003,2014-03-15,1,0.99,188,2,99
33933281,2015-06-30,1,1,93,2,99
33990853,2018-12-31,1,0.98,325,2,100
33999981,2015-06-15,1,0.83,100,2,95
34009815,2017-05-30,1,1,169,1,94
34038444,2013-04-14,1,0.99,75,2,99
34065220,2019-04-21,1,0.93,175,3,100
34086588,2016-06-06,1,0.95,70,2,100
34095689,2018-03-25,1,1,172,1,98
34148130,2017-09-19,1,1,25,1,95
34152268,2017-09-19,1,1,19,1,97
34169447,2012-09-24,1,1,182,1,87
34203295,2019-04-26,1,1,73,1,98
34207606,2018-02-12,1,0.85,44,1,100
34230189,2017-09-19,1,1,28,1,90
34285587,2012-07-03,1,1,221,1,99
34326191,2012-09-24,1,1,113,1,94
34411204,2012-09-24,1,1,135,2,95
34438347,2012-09-24,1,1,398,3,97
34441424,2016-09-21,0.97,0.99,1056,2,100
34441430,2016-09-21,0.97,0.99,239,2,100
34441459,2016-09-21,0.97,0.99,550,2,100
34473124,2012-09-24,1,1,94,2,94
34478316,2012-09-24,1,1,297,2,89
34478448,2012-09-24,1,1,327,3,92
34479644,2016-02-24,1,0.94,88,2,98
34506850,2017-03-02,1,0.83,324,2,93
34507841,2017-03-02,1,0.83,324,2,100
34541348,2012-09-24,1,1,98,1,92
34541887,2017-11-13,1,1,140,2,95
34564890,2014-12-27,1,1,71,1,97
34572413,2017-09-20,1,0.99,136,2,90
34619189,2016-11-17,1,1,51,2,98
34619535,2012-09-24,1,1,699,3,89
34670804,2017-03-02,1,0.83,652,2,98
34680017,2015-05-05,1,0.98,59,2,100
34710905,2019-05-14,1,1,150,2,100
34742756,2016-06-23,1,0.98,123,10,92
34744862,2015-07-09,1,0.98,148,2,99
34751313,2016-06-23,1,0.98,117,20,100
34782201,2017-10-26,1,1,103,1,97
34787446,2017-09-19,1,1,25,1,97
34791824,2014-07-06,1,0.94,104,1,99
34900080,2018-01-11,1,1,174,1,94
35012806,2015-09-01,1,0.95,80,2,93
35031057,2019-05-21,1,0.95,208,2,98
35033865,2015-01-13,1,0.98,65,2,98
35038518,2015-01-13,1,0.98,111,2,99
35064768,2014-05-20,1,0.98,123,1,96
35096181,2014-12-12,1,1,150,2,100
35131449,2015-03-19,1,0.99,42,1,99
35162584,2017-09-19,1,1,25,1,98
35218486,2018-01-11,1,1,252,1,98
35227153,2019-05-21,1,0.87,64,2,99
35285366,2019-06-01,1,1,121,1,98
35287564,2018-05-11,1,0.95,514,2,98
35314038,2019-06-02,1,1,190,2,99
35317253,2019-03-21,0.97,0.99,120,1,98
35317276,2019-03-21,0.97,0.99,120,1,97
35317354,2019-03-21,0.97,0.99,120,1,98
35317377,2019-03-21,0.97,0.99,120,1,98
35317403,2019-03-21,0.97,0.99,120,1,94
35317431,2019-03-21,0.97,0.99,120,1,97
35367152,2019-06-04,1,0.93,199,3,99
35371991,2016-12-08,1,0.98,43,2,100
35373849,2018-01-11,1,1,118,2,94
35382786,2019-04-29,1,0.85,55,1,100
35397847,2018-01-11,1,1,252,1,92
35397853,2018-01-11,1,1,194,1,97
35415604,2019-06-05,1,1,65,1,98
35464423,2019-03-06,1,1,95,2,99
35465122,2018-01-11,1,1,100,1,99
35470049,2019-06-07,1,1,209,2,99
35485678,2019-06-05,1,1,149,14,92
35493650,2019-02-11,1,0.99,247,2,99
35521639,2019-06-08,1,0.99,139,2,98
35575552,2019-03-21,0.97,0.99,120,1,98
35578299,2015-08-20,1,1,45,2,99
35578653,2019-03-21,0.97,0.99,120,1,100
35578680,2019-03-21,0.97,0.99,120,1,99
35609891,2018-01-01,1,1,99,2,100
35613436,2019-03-21,0.97,0.99,120,1,96
35613465,2019-03-21,0.97,0.99,120,1,97
35613495,2019-03-21,0.97,0.99,120,1,97
35613575,2019-03-21,0.97,0.99,120,1,95
35623115,2018-01-11,1,1,118,1,91
35638756,2012-09-24,1,1,699,1,94
35651647,2019-03-21,0.97,0.99,120,1,96
35651969,2019-02-11,1,0.99,141,1,99
35679237,2012-09-24,1,1,509,3,89
35684202,2012-10-02,1,0.94,306,3,100
35737803,2017-07-26,1,1,203,1,99
35768220,2018-02-16,1,1,189,2,99
35771458,2015-02-07,0.86,0.71,77,1,100
35774025,2018-01-11,1,1,381,1,97
35802993,2018-03-30,0.93,0.99,298,1,98
35828879,2012-10-02,1,0.94,176,2,100
35831328,2012-09-01,1,0.98,78,2,99
35836704,2013-12-13,0.98,1,154,3,97
35843306,2015-01-29,1,0.92,282,2,97
35877435,2017-07-03,1,0.99,184,1,95
35910484,2013-10-03,1,1,67,1,99
35918507,2016-09-21,0.97,0.99,1011,2,100
35963534,2012-05-29,1,0.86,70,21,100
35971430,2018-01-11,1,1,331,2,100
36002529,2016-06-23,1,0.98,111,5,96
36066072,2011-06-20,1,0.99,285,2,97
36068314,2013-12-13,0.98,1,126,3,90
36072103,2019-03-27,1,0.98,208,2,99
36078302,2011-06-20,1,0.99,246,2,100
36079259,2017-10-06,1,0.99,108,2,100
36088806,2017-09-07,1,0.99,89,2,90
36100528,2016-03-03,1,0.93,99,2,99
36160913,2017-09-07,1,0.99,125,2,100
36180237,2019-06-28,1,1,75,4,98
36197973,2012-07-26,1,0.98,201,1,98
36213020,2018-01-11,1,1,118,1,89
36241169,2013-10-08,1,1,116,1,99
36317959,2013-12-11,1,0.94,119,3,100
36338507,2017-07-20,1,1,125,2,100
36375649,2018-03-31,1,1,230,4,99
36415018,2019-02-11,1,0.98,215,2,99
36416827,2019-07-05,1,0.98,86,1,98
36420977,2018-04-13,0.7,0.97,108,1,87
36506806,2013-01-04,1,1,48,30,100
36514427,2016-05-28,1,0.99,366,2,99
36521499,2017-02-12,1,1,139,2,97
36523963,2019-07-08,1,0.8,400,7,100
36550199,2016-01-03,1,0.99,409,2,99
36573403,2015-05-10,1,1,109,2,98
36621489,2011-06-20,1,0.99,270,2,98
36624410,2016-09-21,0.97,0.99,508,2,100
36625159,2011-06-20,1,0.99,299,2,98
36661377,2014-11-02,1,1,27,31,100
36700922,2014-07-10,1,0.98,130,3,97
36727850,2019-07-14,1,1,196,2,99
36732182,2019-07-13,1,1,181,2,100
36747741,2017-09-20,1,0.99,133,2,91
36846124,2018-03-25,1,1,165,1,94
36899294,2012-09-24,1,1,286,2,96
36905668,2017-08-08,1,0.93,49,1,95
36905980,2016-08-17,1,1,107,1,99
36911161,2016-04-02,0.86,1,80,2,99
36912433,2014-04-19,1,1,329,3,98
36914653,2017-08-08,1,0.93,39,1,97
36958278,2013-12-18,1,1,363,1,99
36972360,2014-03-29,1,1,131,2,99
37009624,2018-01-11,1,1,208,1,92
37039540,2016-05-15,1,0.99,143,2,99
37045917,2016-07-09,0.9,0.82,170,2,96
37081730,2016-12-12,1,0.99,55,1,99
37119782,2018-07-08,1,0.98,279,2,100
37127323,2019-07-09,0.95,1,97,1,82
37179758,2011-09-02,1,1,118,2,99
37207008,2016-02-25,0.75,0.9,29,26,100
37212222,2014-06-21,1,0.97,92,2,98
37218560,2018-11-03,1,1,106,1,99
37255301,2016-09-12,1,0.99,188,2,100
37283089,2016-01-25,1,0.9,200,4,99
37297327,2016-06-22,1,0.92,50,2,94
37314271,2019-07-31,1,0.99,135,1,98
37324795,2019-07-31,1,1,48,2,95
37327799,2017-08-11,1,0.96,750,2,99
37330675,2019-07-31,0.83,0.96,112,2,98
37358423,2019-08-01,1,1,46,1,94
37366326,2015-02-28,0.75,0.83,375,4,100
37391846,2016-08-21,1,1,146,2,99
37395263,2015-12-13,0.9,0.97,168,1,99
37417747,2015-04-03,1,0.99,375,2,99
37417990,2018-08-04,1,1,314,2,100
37423612,2013-06-23,1,1,80,2,98
37491288,2019-08-05,1,1,227,3,99
37524797,2016-08-04,1,1,74,30,90
37554979,2019-07-31,1,0.99,129,2,98
37563000,2018-01-11,1,1,381,1,98
37611029,2018-01-11,1,1,174,1,97
37628378,2019-04-22,1,0.99,128,2,97
37630701,2015-10-21,1,0.99,219,2,100
37648583,2019-08-10,1,0.95,75,1,100
37660862,2019-08-10,1,1,190,1,98
37669035,2017-09-07,1,0.99,158,2,100
37707582,2019-08-12,1,1,436,2,99
37721737,2019-07-31,1,0.99,99,2,97
37736220,2017-11-02,1,0.96,85,1,99
37784099,2019-08-14,1,0.94,86,2,100
37793218,2019-04-11,1,1,209,2,100
37797864,2014-10-22,1,0.98,81,2,100
37803956,2015-07-22,1,1,101,2,97
37856650,2018-01-11,1,1,174,1,94
37892971,2018-01-11,1,1,174,1,99
37900889,2017-01-03,0.95,0.97,256,2,95
37964414,2019-02-11,1,0.98,77,1,99
37969437,2018-03-25,1,1,119,1,94
37974419,2016-07-23,1,0.99,176,1,100
37974850,2013-08-13,1,0.88,209,2,100
37990138,2019-07-15,1,1,48,2,96
37997584,2018-01-11,1,1,174,1,94
38000604,2019-08-22,1,0.4,135,2,100
38022086,2017-09-20,1,0.99,699,2,93
38030235,2018-01-11,1,1,174,1,99
38045465,2019-08-24,1,0.94,100,2,99
38052258,2018-01-11,1,1,252,1,98
38052261,2018-01-11,1,1,381,1,96
38070440,2019-08-25,1,1,80,2,100
38074026,2015-10-14,1,0.99,220,2,98
38094039,2013-06-17,1,0.98,95,2,93
38095780,2017-09-20,1,0.99,226,2,98
38097291,2018-01-11,1,1,118,1,94
38099305,2019-08-26,1,1,150,3,98
38101122,2016-10-22,1,1,80,2,99
38101783,2017-07-26,1,1,208,1,99
38123308,2017-09-20,1,0.99,126,2,95
38134911,2019-08-01,1,1,50,1,96
38135882,2018-01-11,1,1,338,1,99
38151584,2012-03-23,1,0.99,700,1,100
38178700,2013-09-23,1,0.83,135,1,100
38204389,2019-08-30,1,0.95,325,3,100
38209611,2019-08-30,1,1,136,2,97
38214746,2017-09-10,1,1,188,1,98
38217215,2014-01-19,1,1,83,2,100
38260042,2018-05-03,1,0.98,146,2,100
38260663,2017-03-19,1,1,63,2,96
38266279,2018-09-18,1,0.94,91,2,100
38288393,2018-01-11,1,1,295,1,98
38298383,2018-05-15,1,1,264,1,100
38322547,2012-10-11,1,0.9,166,2,97
38328291,2019-06-01,1,1,200,1,98
38343217,2015-05-21,0.9,0.8,44,1,100
38358756,2016-07-20,1,1,72,1,100
38379294,2015-04-10,1,0.94,302,3,100
38413800,2019-05-25,1,0.98,165,2,100
38448857,2015-06-04,1,0.98,87,2,99
38491874,2016-07-23,1,0.99,150,2,100
38538781,2016-09-08,1,0.96,101,2,100
38540766,2015-10-14,1,0.99,156,2,96
38573541,2016-05-13,1,0.99,200,3,100
38597290,2017-03-26,1,1,261,2,100
38600691,2017-10-14,1,0.94,223,3,100
38616361,2016-07-19,1,0.96,70,2,99
38624441,2017-10-28,1,1,53,2,100
38627407,2019-08-01,1,1,73,1,93
38642094,2017-06-30,1,1,55,2,100
38659759,2016-05-13,1,0.99,195,3,98
38670161,2018-01-11,1,1,245,1,99
38702298,2016-02-23,1,1,133,2,99
38710999,2018-01-11,1,1,124,1,94
38711002,2018-01-11,1,1,309,1,99
38784373,2018-01-11,1,1,217,1,99
38796139,2014-06-02,1,0.97,39,1,96
38799800,2015-06-03,1,0.99,103,2,99
38817764,2018-03-25,1,1,124,1,94
38825791,2015-08-02,1,0.98,76,2,98
38826892,2019-09-23,1,1,169,2,99
38842684,2016-07-12,1,0.92,304,3,99
38849359,2016-12-01,1,0.98,218,2,98
38903164,2017-06-11,0.63,0.89,225,2,100
38923965,2019-09-19,1,1,148,2,99
38931169,2017-09-20,1,0.99,314,2,99
38935174,2018-12-27,0.96,1,210,2,99
38947346,2016-01-30,1,1,94,2,96
38977178,2019-09-28,1,1,101,3,100
38978399,2017-11-29,1,0.8,55,2,100
39003531,2019-09-29,1,1,125,2,100
39007688,2016-08-28,1,1,137,2,100
39019007,2019-09-30,1,0.86,233,5,100
39028181,2018-08-24,1,0.81,92,3,100
39036474,2018-01-11,1,1,302,1,99
39048434,2018-04-20,1,1,139,2,99
39112578,2019-10-03,1,1,152,2,98
39113069,2019-10-03,1,1,125,2,99
39170705,2014-06-18,1,0.99,119,2,97
39177450,2015-05-05,1,1,214,2,100
39196663,2016-02-15,1,1,100,2,100
39199023,2019-08-04,1,1,419,1,98
39199324,2019-08-04,1,1,319,1,100
39217268,2013-03-24,1,1,80,2,100
39224609,2017-02-28,1,1,250,2,100
39225051,2018-06-26,1,0.91,150,2,99
39226970,2019-10-08,1,1,154,2,98
39229606,2012-03-13,1,0.98,116,2,99
39252932,2016-09-21,0.97,0.99,237,2,100
39322078,2019-03-19,1,1,225,2,98
39365356,2016-09-21,0.97,0.99,218,2,80
39365370,2016-09-21,0.97,0.99,220,2,100
39365377,2016-09-21,0.97,0.99,221,2,100
39418899,2018-02-19,1,1,96,1,99
39431117,2019-10-17,1,1,82,2,99
39439187,2019-05-12,0.7,1,179,30,98
39440197,2017-02-24,1,0.95,123,2,98
39444836,2018-01-11,1,1,174,1,99
39444837,2018-01-11,1,1,302,1,98
39456490,2016-04-16,1,1,68,2,100
39461061,2016-09-27,1,1,108,2,100
39487580,2015-01-12,1,0.99,122,2,100
39519331,2015-05-05,1,1,288,2,100
39549754,2016-12-04,1,1,133,2,99
39550043,2017-08-23,1,1,59,1,98
39562166,2019-10-22,1,0.98,164,2,100
39575615,2019-10-23,1,0.94,70,1,99
39576253,2018-08-30,1,1,85,2,99
39577589,2012-11-13,1,1,56,2,100
39601430,2016-09-22,1,0.98,139,2,100
39613762,2018-09-26,1,1,61,1,100
39632435,2019-10-25,0.11,0.4,125,2,100
39671831,2017-09-07,1,0.99,134,3,80
39716079,2019-10-29,1,0.98,95,2,99
39730109,2012-09-24,1,1,153,2,91
39764417,2015-05-05,1,1,192,2,100
39769249,2016-07-18,1,0.97,109,2,99
39780155,2019-10-31,1,0.96,71,1,99
39787649,2017-09-20,1,0.99,139,2,82
39794917,2016-05-13,1,0.99,221,3,100
39801029,2019-11-01,1,1,180,2,98
39819205,2019-11-02,0.9,0.91,88,1,93
39829862,2019-03-05,1,1,173,2,96
39849897,2013-12-18,1,1,255,1,99
39964998,2012-04-27,1,1,50,2,99
39967545,2019-10-29,1,0.99,113,1,100
39971734,2018-02-21,1,1,50,30,100
40024336,2011-04-02,1,1,153,2,100
40051281,2019-10-29,1,0.99,81,1,95
40064516,2019-11-12,1,0.96,192,1,99
40087092,2017-06-23,1,0.92,31,1,99
40126825,2019-11-15,1,0.88,185,2,93
40154627,2016-03-08,1,1,95,1,98
40171393,2015-07-07,1,1,81,1,98
40175865,2016-02-28,0.9,1,200,2,95
40269719,2014-04-06,1,0.92,107,2,100
40273960,2019-10-29,1,0.99,35,1,97
40274759,2019-10-29,1,0.99,43,1,99
40284917,2017-12-20,0.9,0.57,60,2,100
40309710,2017-08-02,1,1,73,2,100
40311170,2016-07-16,1,1,135,2,100
40311573,2014-05-04,1,0.96,125,2,93
40323675,2013-12-10,1,1,143,2,99
40371638,2013-09-28,1,0.91,197,1,100
40372837,2013-09-28,1,0.91,200,1,100
40399536,2018-05-11,1,0.95,194,2,100
40429056,2012-09-24,1,1,255,2,94
40430693,2012-09-24,1,1,159,2,90
40431231,2012-09-24,1,1,170,2,87
40508976,2015-03-18,1,1,95,1,96
40553378,2016-09-21,0.97,0.99,551,2,100
40610548,2019-12-05,1,0.97,600,5,100
40639820,2014-04-22,1,0.98,104,1,99
40664278,2017-09-07,1,0.99,83,2,100
40698829,2019-12-03,1,1,216,2,100
40700186,2016-06-24,1,0.89,85,1,97
40709253,2012-09-24,1,1,627,2,95
40740987,2017-08-03,1,0.99,152,2,100
40756664,2014-08-05,1,0.98,89,1,98
40758073,2019-09-02,1,0.98,135,2,97
40760529,2017-01-20,1,0.99,551,2,100
40784083,2016-01-03,1,0.99,514,2,97
40806987,2012-09-24,1,1,828,3,100
40807880,2012-09-24,1,1,530,2,80
40818692,2016-10-06,1,0.98,179,3,100
40829218,2017-09-07,1,0.99,124,2,100
40829347,2017-09-07,1,0.99,582,2,50
40840139,2016-01-29,1,0.99,84,3,98
40840756,2017-02-12,1,1,157,2,100
40865145,2012-09-24,1,1,156,2,92
40925722,2012-09-24,1,1,199,2,94
40946975,2012-12-27,0.88,1,64,30,100
40988430,2016-06-23,1,0.98,230,3,98
41044083,2019-12-24,1,0.99,378,1,96
41084882,2016-09-21,0.97,0.99,338,2,100
41191198,2018-02-03,1,0.99,153,2,100
41195186,2019-12-31,1,0.91,200,7,100
41203435,2016-05-21,0.8,0.11,58,3,100
41248109,2018-01-11,1,1,302,1,98
41257317,2013-05-30,1,0.71,40,1,100
41257465,2014-06-18,1,0.99,175,30,99
41257687,2018-06-26,1,0.95,106,1,99
41269091,2016-02-20,1,0.85,102,14,100
41292632,2016-09-21,0.97,0.99,262,2,87
41292656,2016-09-21,0.97,0.99,290,2,80
41313257,2020-01-05,1,1,172,2,92
41316183,2020-01-05,1,0.98,61,1,99
41316941,2019-08-25,1,1,146,3,98
41343517,2018-07-20,1,1,135,3,100
41369383,2012-05-24,1,0.97,95,2,100
41399403,2017-08-14,1,1,133,1,95
41399818,2018-01-11,1,1,409,1,95
41424551,2014-02-26,1,1,150,1,100
41430658,2014-12-11,1,0.91,230,3,99
41452911,2015-04-15,1,1,106,1,99
41462738,2015-06-05,1,0.98,414,1,98
41478412,2019-05-07,1,1,114,1,100
41506320,2019-05-15,1,0.63,35,1,93
41509293,2020-01-12,1,0.9,463,2,100
41521300,2019-06-08,1,0.99,112,2,98
41527065,2019-04-13,1,1,41,1,100
41530112,2020-01-13,1,1,972,2,100
41530116,2020-01-13,1,1,285,2,98
41530119,2020-01-13,1,1,285,2,98
41530123,2020-01-13,1,1,232,2,99
41530126,2020-01-13,1,1,232,2,96
41552639,2018-05-15,1,1,357,2,100
41552896,2016-09-21,0.97,0.99,370,2,96
41595531,2015-01-26,1,1,457,3,98
41642089,2017-09-20,1,0.99,241,2,99
41646849,2015-06-05,1,0.98,318,2,99
41646999,2015-06-05,1,0.98,147,2,98
41721808,2020-01-19,1,0.89,81,1,100
41721927,2019-08-31,1,1,192,2,99
41738372,2015-04-28,1,0.97,344,3,100
41800927,2013-07-03,1,1,199,1,99
41801212,2017-09-20,1,0.99,214,2,96
41869751,2013-08-16,1,0.92,103,2,93
41873804,2018-03-06,1,0.99,212,2,98
41944910,2017-09-07,1,0.99,116,2,87
41954277,2018-07-31,1,1,95,2,97
41978741,2020-01-31,1,1,150,1,100
42011229,2016-05-13,1,0.99,389,3,98
42047226,2013-11-25,1,0.88,180,2,91
42049008,2012-09-24,1,1,198,2,91
42092425,2016-08-31,1,1,250,2,100
42092691,2016-04-19,1,1,167,2,99
42110045,2012-11-30,1,1,338,30,100
42115218,2016-12-29,1,0.94,206,2,97
42116019,2019-12-05,1,0.97,215,2,99
42174393,2014-04-29,1,1,99,2,100
42177843,2013-08-06,1,0.77,70,30,100
42225770,2016-07-16,1,0.98,75,1,100
42270866,2019-10-27,1,0.98,35,1,98
42278468,2013-10-12,1,0.86,126,1,100
42286550,2017-06-23,1,0.92,58,1,98
42298029,2019-10-27,1,0.98,35,2,100
42299384,2019-10-27,1,0.98,176,2,99
42305242,2017-03-22,1,0.98,340,2,99
42309773,2017-05-15,1,0.97,98,2,90
42330339,2012-10-02,1,0.94,181,2,100
42333820,2018-01-11,1,1,381,1,95
42375834,2014-06-18,1,0.98,500,2,100
42406269,2016-01-02,1,0.99,76,2,98
42411052,2015-07-30,1,1,155,3,98
42424626,2016-12-01,1,0.98,233,2,91
42464524,2014-12-28,1,1,74,30,100
42464593,2019-07-02,1,0.5,175,3,100
42464783,2020-02-22,0.9,0.96,141,2,93
42473705,2015-07-08,1,0.91,92,2,100
42493314,2020-02-23,1,0.99,97,2,100
42540321,2020-02-25,1,1,73,1,98
42540485,2014-05-04,1,0.96,269,3,100
42541274,2009-10-23,1,1,75,30,100
42542129,2018-01-11,1,1,252,1,95
42586570,2020-02-26,1,1,254,2,98
42615531,2014-06-18,1,0.98,700,1,100
42642483,2020-03-01,1,0.98,246,2,99
42642675,2019-10-22,1,0.99,190,2,100
42739512,2020-03-01,1,1,1896,3,100
42758714,2017-01-20,1,0.99,536,2,100
42800210,2015-12-01,1,0.98,93,1,99
42831124,2012-01-26,1,0.98,121,2,98
42856420,2019-11-03,1,0.91,204,3,91
42877994,2019-11-25,1,0.85,279,3,100
42927111,2016-07-05,1,0.71,89,2,98
42942046,2016-09-21,0.97,0.99,311,2,91
42966700,2019-06-08,1,0.99,124,2,100
42975839,2017-07-04,1,1,176,3,100
42980053,2017-09-19,1,1,19,1,98
42980378,2017-09-19,1,1,27,1,94
42981397,2017-09-19,1,1,19,1,97
43011004,2020-03-20,1,0.77,429,2,100
43011653,2020-03-20,1,0.77,215,2,100
43012642,2020-03-20,1,0.77,216,2,96
43043089,2016-07-28,1,0.95,143,3,99
43051231,2020-03-28,1,1,153,2,100
43052245,2016-05-13,1,0.99,308,3,94
43056604,2017-12-10,1,1,121,30,87
43085537,2019-10-02,1,0.98,114,1,97
43087424,2017-09-07,1,0.99,129,2,93
43123763,2019-03-05,1,1,181,2,95
43124217,2019-03-05,1,1,207,2,95
43133469,2017-09-07,1,0.99,157,2,97
43140129,2020-04-08,1,0.99,290,1,100
43140131,2020-04-08,1,0.99,340,1,100
43140136,2020-04-08,1,0.99,290,1,100
43140142,2020-04-08,1,0.99,290,1,93
43140149,2020-04-08,1,0.99,290,1,98
43140161,2020-04-08,1,0.99,340,1,100
43140162,2020-04-08,1,0.99,290,1,95
43140167,2020-04-08,1,0.99,290,1,96
43221206,2014-01-07,1,0.94,51,29,73
43256573,2010-10-19,1,0.92,81,2,97
43268496,2014-11-19,1,1,100,2,100
43293307,2018-05-14,1,0.94,95,2,99
43297644,2015-04-28,1,0.97,870,30,100
43299950,2020-04-06,1,1,162,2,87
43300939,2016-10-06,1,1,115,2,98
43302001,2020-04-27,1,1,107,1,99
43325315,2018-06-19,1,1,119,1,100
43325971,2018-06-19,1,1,170,1,100
43332564,2012-09-24,1,1,80,1,93
43349933,2014-05-20,1,1,164,1,94
43355285,2015-06-02,1,0.77,43,30,100
43379372,2016-03-20,1,1,100,30,100
43390964,2012-09-24,1,1,86,1,96
43403464,2015-09-25,1,0.94,149,3,99
43412676,2015-09-21,1,1,165,2,100
43422513,2020-05-12,1,1,116,1,100
43447496,2020-03-20,1,0.77,178,2,100
43468983,2011-02-25,1,0.95,413,3,100
43473737,2015-09-10,1,0.97,149,1,98
43495845,2020-04-08,1,0.99,340,1,99
43498177,2018-06-09,1,1,194,1,100
43509635,2020-05-21,1,0.8,157,30,100
43525648,2012-02-17,1,1,275,4,91
43557709,2016-09-07,1,1,115,1,100
43580801,2015-09-13,1,1,96,2,100
43589174,2013-12-13,0.98,1,326,3,100
43615196,2014-10-29,1,1,118,1,99
43624297,2017-09-20,1,0.99,434,2,100
43632841,2016-05-08,1,1,76,2,97
43636076,2015-03-15,1,0.98,75,1,97
43649028,2012-03-06,1,0.99,99,2,94
43658844,2017-09-07,1,0.99,322,2,86
43660421,2020-06-04,1,1,157,2,99
43668687,2019-09-30,1,0.86,206,4,95
43682992,2017-09-07,1,0.99,141,2,97
43689886,2017-09-19,1,1,35,1,98
43731923,2018-01-11,1,1,409,1,100
43731925,2018-01-11,1,1,124,1,96
43747993,2018-01-11,1,1,191,1,98
43773752,2017-01-02,1,1,174,2,100
43789016,2020-05-17,1,1,139,2,98
43804580,2016-06-10,1,1,87,2,100
43813089,2019-02-11,1,0.99,589,2,98
43826270,2017-05-30,1,0.94,350,3,100
43832838,2017-01-06,1,1,153,3,99
43835750,2020-06-17,0.95,1,111,1,98
43865961,2015-08-31,1,1,78,2,96
43906817,2017-12-07,1,1,125,1,98
43912375,2018-09-09,0.9,0.97,109,2,100
43925370,2018-12-19,1,1,98,1,98
43937955,2016-05-15,1,0.99,189,3,98
43945269,2016-09-21,0.97,0.99,216,2,100
43959810,2019-01-29,1,0.98,203,2,99
43967257,2016-02-03,1,1,321,2,99
44018348,2018-03-25,1,1,163,1,97
44020825,2012-09-24,1,1,48,1,87
44028877,2015-06-10,1,0.97,117,1,100
44059758,2020-01-12,1,0.9,250,2,100
44063035,2020-01-12,1,0.9,259,2,100
44075550,2012-09-24,1,1,79,1,93
44076331,2017-08-11,1,1,121,1,98
44087805,2014-11-22,1,0.91,95,1,98
44088518,2014-11-22,1,0.91,95,1,100
44105184,2019-03-05,1,1,207,2,96
44117331,2019-07-30,1,0.98,41,1,95
44131708,2018-06-19,1,1,78,1,100
44149076,2018-06-09,1,1,162,1,100
44150565,2018-06-09,1,1,144,1,100
44150721,2018-06-09,1,1,136,1,100
44154406,2020-07-09,1,1,84,1,91
44164284,2013-06-19,1,0.96,261,2,100
44191042,2018-10-20,1,0.78,125,3,100
44244512,2019-03-05,1,1,204,2,95
44244673,2017-09-20,1,0.99,194,2,87
44267023,2017-08-15,1,1,91,2,98
44299517,2013-12-18,1,1,581,1,100
44307134,2020-07-19,1,1,159,2,87
44315914,2020-07-20,1,1,125,2,100
44319940,2018-03-01,0.94,1,96,1,92
44337790,2020-04-27,1,1,53,1,100
44341656,2012-09-24,1,1,99,1,95
44385896,2020-01-12,1,0.9,240,2,100
44391073,2013-11-20,1,1,187,2,100
44392508,2019-08-23,1,1,132,1,98
44401872,2015-12-28,1,0.9,50,2,92
44442146,2020-07-28,1,1,168,1,96
44449439,2013-02-16,1,0.88,110,2,100
44453810,2012-09-24,1,1,78,1,95
44454431,2012-09-24,1,1,73,1,90
44454631,2012-09-24,1,1,88,1,94
44462323,2017-08-11,1,0.96,103,29,100
44488350,2014-03-07,1,1,102,1,99
44489142,2017-04-03,1,0.99,240,2,95
44505327,2016-01-24,1,1,109,1,99
44540014,2014-12-10,1,1,80,2,100
44556542,2019-08-01,1,1,52,1,95
44561631,2019-08-01,1,1,49,1,94
44570753,2018-03-25,1,1,74,1,95
44573884,2017-08-11,1,0.96,115,29,100
44577918,2019-11-03,1,1,75,2,100
44597185,2019-08-01,1,1,50,1,100
44597824,2019-08-01,1,1,44,1,98
44630954,2013-02-11,1,1,300,2,100
44632019,2015-02-24,1,1,75,2,96
44646762,2016-01-09,1,0.67,156,3,100
44665751,2012-12-01,1,1,105,2,100
44678181,2017-09-19,1,1,35,2,95
44678188,2016-04-19,1,1,195,2,100
44680036,2019-02-11,1,0.99,177,1,99
44699948,2019-10-08,1,1,175,2,93
44762647,2011-06-20,1,0.99,270,2,96
44841713,2019-12-09,1,0.99,85,1,100
44841826,2015-07-09,1,0.98,89,1,100
44861667,2012-09-24,1,1,72,1,88
44862093,2012-09-24,1,1,107,1,96
44862571,2012-09-24,1,1,75,1,100
44968717,2014-05-21,1,0.96,89,2,100
44970531,2020-08-17,1,0.93,150,2,97
44995087,2020-08-18,1,0.88,112,2,100
44996842,2017-05-01,1,1,121,3,100
45023214,2020-04-27,1,1,109,1,98
45063891,2015-01-23,1,0.75,130,30,100
45070056,2017-04-22,1,0.96,272,2,100
45083885,2015-07-30,1,1,55,2,80
45090475,2018-02-12,1,0.85,69,2,100
45100465,2013-02-15,1,0.98,85,2,96
45144763,2020-08-26,1,1,136,2,100
45180235,2012-09-24,1,1,67,1,90
45201611,2013-08-06,1,0.77,70,2,100
45213684,2018-01-11,1,1,331,1,91
45217133,2017-04-22,1,0.96,188,2,100
45232625,2013-06-04,1,1,91,2,96
45238555,2018-07-31,1,1,80,2,100
45246570,2017-09-07,1,0.99,265,2,100
45254379,2017-04-22,1,0.96,406,2,93
45260357,2019-08-12,1,1,135,2,100
45266904,2020-09-02,0.9,1,330,3,97
45269916,2018-05-03,1,1,139,2,100
45285765,2015-02-25,1,0.98,136,3,100
45286326,2020-09-04,1,1,89,2,99
45303750,2014-11-03,1,1,51,1,100
45313441,2012-08-27,1,0.96,145,2,97
45327951,2013-08-09,1,0.85,133,2,98
45351656,2016-05-05,1,1,100,1,100
45368367,2012-09-24,1,1,67,1,79
45383681,2020-09-10,1,1,117,3,96
45402516,2019-09-11,0.9,1,199,4,100
45412182,2012-09-24,1,1,82,1,96
45431719,2015-08-13,1,1,92,1,100
45431762,2017-07-18,1,1,77,1,99
45433094,2018-02-05,1,0.87,145,2,100
45436993,2018-02-05,1,0.87,279,2,100
45438852,2015-02-11,1,0.97,102,1,100
45469866,2020-09-15,1,1,404,2,100
45480550,2018-02-05,1,0.87,175,2,100
45482353,2016-04-09,1,1,117,1,99
45492496,2017-09-11,1,0.97,119,1,99
45514296,2016-08-09,1,1,184,2,98
45531550,2016-02-02,1,1,119,2,100
45532786,2020-09-20,1,0.91,116,2,100
45549228,2015-09-30,1,0.93,145,2,94
45558349,2018-01-22,1,1,51,2,98
45560850,2017-09-20,1,0.99,407,2,93
45591120,2017-04-08,1,1,75,1,97
45603008,2011-08-20,1,1,120,2,100
45608234,2018-01-11,1,1,381,1,100
45619526,2015-12-20,1,1,89,2,100
45621623,2020-07-10,1,1,75,2,100
45622387,2017-11-23,1,0.88,91,1,100
45623198,2016-07-08,1,0.88,96,2,96
45631218,2012-12-30,0.9,0.56,187,3,100
45634579,2017-07-13,1,1,74,1,99
45640979,2020-09-28,1,1,127,1,95
45653583,2017-09-20,1,0.99,127,2,100
45655928,2020-09-29,1,0.88,75,2,93
45657700,2014-03-25,1,0.94,170,2,100
45670822,2018-07-05,1,0.92,85,3,87
45684376,2016-11-22,1,0.92,50,1,98
45687936,2018-10-30,1,1,65,1,100
45718385,2018-12-10,1,0.97,129,2,100
45730926,2015-01-13,1,0.98,239,2,100
45735571,2017-03-27,1,1,90,1,100
45740790,2011-06-20,1,0.99,163,2,100
45765322,2018-01-22,1,1,120,1,100
45765329,2016-04-07,1,1,130,1,100
45771651,2015-11-29,1,0.95,140,2,97
45772186,2016-12-27,1,1,562,2,100
45773379,2016-10-10,1,1,178,2,100
45783656,2017-09-20,1,0.99,163,2,90
45784291,2017-03-08,0.97,1,146,2,93
45813359,2018-02-21,1,0.97,120,2,95
45822593,2018-01-19,1,0.94,275,2,100
45823750,2016-01-24,1,0.5,56,1,100
45829371,2020-10-11,1,1,106,2,96
45846658,2015-12-12,1,0.96,42,1,98
45848143,2015-07-01,1,1,140,1,60
45848676,2017-12-20,1,1,125,2,100
45880069,2018-07-13,1,1,120,1,100
45883972,2015-04-26,1,0.98,197,3,100
45892156,2020-10-15,1,0.85,186,1,100
45893285,2017-09-19,1,1,25,1,98
45937183,2016-12-01,1,0.98,208,2,100
45949558,2012-09-21,1,0.96,76,1,98
45970224,2015-04-19,1,1,140,3,100
45972630,2014-11-12,1,1,150,2,100
45973551,2019-07-09,0.95,1,104,1,88
45988503,2020-10-21,1,1,92,2,95
45994540,2019-07-09,0.95,1,184,1,82
45996344,2014-07-21,1,1,50,2,100
46000284,2017-08-18,1,1,175,3,90
46008226,2013-08-16,1,0.75,150,30,100
46037870,2016-08-02,0.91,0.92,54,2,96
46049132,2013-12-14,1,0.92,50,1,100
46053732,2018-03-25,1,1,129,1,98
46069902,2019-12-19,1,1,125,1,100
46131660,2019-04-22,1,1,130,2,100
46141229,2019-07-09,0.95,1,81,1,93
46196757,2017-03-08,0.97,1,76,2,91
46225417,2015-12-30,1,0.92,102,1,100
46234222,2019-11-03,1,1,75,2,100
46277019,2013-08-16,1,0.75,85,30,100
46277556,2020-01-21,1,1,130,2,100
46313780,2014-06-13,1,1,91,2,100
46355331,2018-12-18,1,1,62,1,91
46371760,2017-09-20,1,0.99,226,2,100
46412493,2012-10-16,1,0.5,75,2,100
46417933,2012-07-17,1,0.67,175,1,100
46449865,2019-05-28,1,1,90,3,100
46462440,2018-11-09,1,0.6,70,1,100
46508847,2020-11-18,1,1,135,1,100
46562220,2017-09-04,1,1,110,2,100
46566574,2019-02-11,1,0.99,155,1,80
46579429,2013-01-22,1,1,125,1,100
46584746,2018-09-12,1,1,70,1,100
46709631,2017-08-14,1,1,290,1,100